-- --------------------------------------------------------
-- 호스트:                          localhost
-- 서버 버전:                        10.3.7-MariaDB - mariadb.org binary distribution
-- 서버 OS:                        Win64
-- HeidiSQL 버전:                  9.5.0.5196
-- --------------------------------------------------------

/*!40101 SET @OLD_CHARACTER_SET_CLIENT=@@CHARACTER_SET_CLIENT */;
/*!40101 SET NAMES utf8 */;
/*!50503 SET NAMES utf8mb4 */;
/*!40014 SET @OLD_FOREIGN_KEY_CHECKS=@@FOREIGN_KEY_CHECKS, FOREIGN_KEY_CHECKS=0 */;
/*!40101 SET @OLD_SQL_MODE=@@SQL_MODE, SQL_MODE='NO_AUTO_VALUE_ON_ZERO' */;


-- movemove 데이터베이스 구조 내보내기
CREATE DATABASE IF NOT EXISTS `movemove` /*!40100 DEFAULT CHARACTER SET utf8 */;
USE `movemove`;

-- 테이블 movemove.inventory 구조 내보내기
CREATE TABLE IF NOT EXISTS `inventory` (
  `number` int(11) unsigned NOT NULL,
  `number_record` int(11) unsigned NOT NULL,
  `name_item` varchar(50) NOT NULL,
  `amount` int(11) NOT NULL DEFAULT 1,
  PRIMARY KEY (`number`),
  KEY `FK_inventory_record` (`number_record`),
  KEY `FK_inventory_item` (`name_item`),
  CONSTRAINT `FK_inventory_item` FOREIGN KEY (`name_item`) REFERENCES `item` (`name`) ON UPDATE CASCADE,
  CONSTRAINT `FK_inventory_record` FOREIGN KEY (`number_record`) REFERENCES `record` (`number`) ON UPDATE CASCADE
) ENGINE=InnoDB DEFAULT CHARSET=utf8 CHECKSUM=1 COMMENT='Inventory of player using record table.\r\n\r\ncount -1 is mean infinity.';

-- 테이블 데이터 movemove.inventory:~12 rows (대략적) 내보내기
/*!40000 ALTER TABLE `inventory` DISABLE KEYS */;
INSERT INTO `inventory` (`number`, `number_record`, `name_item`, `amount`) VALUES
	(1, 1, 'health_point', 100),
	(2, 1, 'money', 4540),
	(3, 1, '焼きタケノコ', 27),
	(4, 1, 'rice', 3),
	(5, 1, 'white', 3),
	(6, 1, '白色', 3),
	(7, 1, 'yellow', 2),
	(8, 1, '黄色', 3),
	(9, 1, 'ramen', 2),
	(10, 1, 'bread', 3),
	(11, 1, 'milk', 2),
	(12, 1, 'wodong', 2);
/*!40000 ALTER TABLE `inventory` ENABLE KEYS */;

-- 테이블 movemove.item 구조 내보내기
CREATE TABLE IF NOT EXISTS `item` (
  `number` int(11) unsigned NOT NULL,
  `name` varchar(50) NOT NULL,
  `_type` varchar(50) NOT NULL DEFAULT 'things',
  `description` varchar(80) NOT NULL,
  `usable` tinyint(4) unsigned NOT NULL DEFAULT 0,
  `price` int(11) unsigned NOT NULL DEFAULT 0,
  `effect` int(11) NOT NULL DEFAULT 0,
  PRIMARY KEY (`number`),
  UNIQUE KEY `name` (`name`)
) ENGINE=InnoDB DEFAULT CHARSET=utf8 COMMENT='Codex of items.\r\n\r\nTinyint is use as boolean.\r\n\r\neffect is used as health_point.';

-- 테이블 데이터 movemove.item:~15 rows (대략적) 내보내기
/*!40000 ALTER TABLE `item` DISABLE KEYS */;
INSERT INTO `item` (`number`, `name`, `_type`, `description`, `usable`, `price`, `effect`) VALUES
	(1, 'money', 'money', 'okaneda.', 0, 1, 0),
	(2, 'health_point', 'concept', 'health point, not item. used system of health point.', 0, 0, 0),
	(3, 'felled_bamboo', 'money', 'takeda.', 0, 10, 0),
	(4, 'gold', 'money', 'kinnda.', 0, 1000, 0),
	(5, '焼きタケノコ', 'food', 'なぜこれを買わなきゃか?', 1, 100, 10),
	(6, 'milk', 'food', 'gyuunyuuda.', 1, 200, 20),
	(7, 'bread', 'food', 'パンだ。', 1, 700, 70),
	(8, 'white', 'food', '白いね。', 1, 250, 25),
	(9, '白色', 'food', '白色ね。', 1, 250, 25),
	(10, 'food', 'food', '高い！', 1, 100000, 100),
	(11, 'yellow', 'food', 'なんだこれ。', 1, 220, 22),
	(12, '黄色', 'food', '黄色ね。', 1, 220, 22),
	(13, 'wodong', 'food', 'atsui wodongda.', 1, 600, 60),
	(14, 'rice', 'food', 'gohannda.', 1, 500, 50),
	(15, 'ramen', 'food', 'oisi ramenda.', 1, 800, 80);
/*!40000 ALTER TABLE `item` ENABLE KEYS */;

-- 테이블 movemove.owned_item 구조 내보내기
CREATE TABLE IF NOT EXISTS `owned_item` (
  `number` int(11) unsigned NOT NULL,
  `name_event` varchar(50) NOT NULL,
  `name_item` varchar(50) NOT NULL,
  `amount` int(11) NOT NULL DEFAULT -1,
  PRIMARY KEY (`number`),
  KEY `FK_owned_item__event` (`name_event`),
  KEY `FK_owned_item_item` (`name_item`),
  CONSTRAINT `FK_owned_item__event` FOREIGN KEY (`name_event`) REFERENCES `_event` (`name`) ON UPDATE CASCADE,
  CONSTRAINT `FK_owned_item_item` FOREIGN KEY (`name_item`) REFERENCES `item` (`name`) ON UPDATE CASCADE
) ENGINE=InnoDB DEFAULT CHARSET=utf8 COMMENT='Item list of sprites in field.\r\n\r\ncount -1 is mean infinity.';

-- 테이블 데이터 movemove.owned_item:~11 rows (대략적) 내보내기
/*!40000 ALTER TABLE `owned_item` DISABLE KEYS */;
INSERT INTO `owned_item` (`number`, `name_event`, `name_item`, `amount`) VALUES
	(1, '婦人', '焼きタケノコ', -1),
	(2, '婦人', 'wodong', -1),
	(3, '婦人', 'milk', -1),
	(4, '婦人', 'bread', -1),
	(5, '婦人', 'ramen', -1),
	(6, '婦人', '黄色', -1),
	(7, '婦人', 'yellow', -1),
	(8, '婦人', '白色', -1),
	(9, '婦人', 'white', -1),
	(10, '婦人', 'rice', -1),
	(11, '婦人', 'food', -1);
/*!40000 ALTER TABLE `owned_item` ENABLE KEYS */;

-- 테이블 movemove.portal 구조 내보내기
CREATE TABLE IF NOT EXISTS `portal` (
  `number` int(11) unsigned NOT NULL,
  `in_event` varchar(50) NOT NULL,
  `out_field` varchar(50) NOT NULL,
  `out_x` int(10) unsigned NOT NULL,
  `out_y` int(10) unsigned NOT NULL,
  `out_direction` int(10) unsigned NOT NULL,
  PRIMARY KEY (`number`),
  KEY `FK_portal__field` (`out_field`),
  KEY `FK_portal__event` (`in_event`),
  CONSTRAINT `FK_portal__event` FOREIGN KEY (`in_event`) REFERENCES `_event` (`name`) ON UPDATE CASCADE,
  CONSTRAINT `FK_portal__field` FOREIGN KEY (`out_field`) REFERENCES `_field` (`name`) ON UPDATE CASCADE
) ENGINE=InnoDB DEFAULT CHARSET=utf8 COMMENT='The portal.\r\nyea, portal of game.';

-- 테이블 데이터 movemove.portal:~5 rows (대략적) 내보내기
/*!40000 ALTER TABLE `portal` DISABLE KEYS */;
INSERT INTO `portal` (`number`, `in_event`, `out_field`, `out_x`, `out_y`, `out_direction`) VALUES
	(1, 'go from home inner to home outer', 'home outer', 120, 120, 6),
	(2, 'go from home outer to home inner', 'home inner', 120, 280, 12),
	(3, 'go from home outer to the forest of bamboo', 'the forest of bamboo', 160, 0, 6),
	(4, 'go from the forest of bamboo to home outer', 'home outer', 200, 120, 9),
	(5, 'go from everywhere to home inner', 'home inner', 200, 200, 12);
/*!40000 ALTER TABLE `portal` ENABLE KEYS */;

-- 테이블 movemove.record 구조 내보내기
CREATE TABLE IF NOT EXISTS `record` (
  `number` int(11) unsigned NOT NULL,
  `name` varchar(50) NOT NULL,
  `field` varchar(50) NOT NULL DEFAULT 'home inner',
  `location_x` int(11) unsigned NOT NULL DEFAULT 160,
  `location_y` int(11) unsigned NOT NULL DEFAULT 80,
  `direction` int(11) unsigned NOT NULL DEFAULT 6,
  `day` int(11) NOT NULL DEFAULT 1,
  `_time` int(11) NOT NULL DEFAULT 0,
  `date` timestamp NOT NULL DEFAULT current_timestamp(),
  PRIMARY KEY (`number`),
  KEY `FK_record__field` (`field`),
  CONSTRAINT `FK_record__field` FOREIGN KEY (`field`) REFERENCES `_field` (`name`) ON UPDATE CASCADE
) ENGINE=InnoDB DEFAULT CHARSET=utf8 COMMENT='Save file on game.';

-- 테이블 데이터 movemove.record:~1 rows (대략적) 내보내기
/*!40000 ALTER TABLE `record` DISABLE KEYS */;
INSERT INTO `record` (`number`, `name`, `field`, `location_x`, `location_y`, `direction`, `day`, `_time`, `date`) VALUES
	(1, 'player', 'home inner', 160, 160, 3, 7, 2, '2019-03-08 12:57:35');
/*!40000 ALTER TABLE `record` ENABLE KEYS */;

-- 테이블 movemove.script 구조 내보내기
CREATE TABLE IF NOT EXISTS `script` (
  `name_event` varchar(50) NOT NULL,
  `group_number` int(11) unsigned NOT NULL,
  `order` int(10) unsigned NOT NULL,
  `_type` varchar(50) NOT NULL,
  `value1` varchar(50) DEFAULT NULL,
  `value2` varchar(50) DEFAULT NULL,
  KEY `FK_script__event` (`name_event`),
  CONSTRAINT `FK_script__event` FOREIGN KEY (`name_event`) REFERENCES `_event` (`name`) ON UPDATE CASCADE
) ENGINE=InnoDB DEFAULT CHARSET=utf8 COMMENT='The order of scripts of event at run the script.\r\n\r\ngroup_number is under name_event.\r\n\r\n_type(value1, value2): \r\n  action(String) play the action.\r\n  move(String int) ex) up, down, left, right.\r\n    ex 2) (up, 2) is request to "y - block_size*2".\r\n  turn(String) ex) (right) is turn to right. (up, left, right, down).\r\n  say(string, int) ex) ("hi!", 3000) : 2nd value is mean the sleep(3000).\r\n    if 2nd value is -1, should press the key for turn to next script.\r\n  select(int?, int?) If "yes", execute script that group_number = 1 if exist the scirpt. (-1) is mean that not exist the script. end the script.\r\n    select is must set at last location.\r\n  sleep(int, null)\r\n  call(String, int) Call the script of other sprite on same field. 2nd parameter is group number of script.\r\n  remove(null, null) remove on field.';

-- 테이블 데이터 movemove.script:~130 rows (대략적) 내보내기
/*!40000 ALTER TABLE `script` DISABLE KEYS */;
INSERT INTO `script` (`name_event`, `group_number`, `order`, `_type`, `value1`, `value2`) VALUES
	('おじいさん(intro)', 1, 1, 'move', 'right', '9'),
	('おじいさん(intro)', 1, 7, 'action', 'attack', ''),
	('おじいさん(intro)', 1, 2, 'sleep', '300', NULL),
	('おじいさん(intro)', 1, 5, 'action', 'attack', ''),
	('おじいさん(intro)', 1, 3, 'action', 'attack', ''),
	('おじいさん(intro)', 1, 6, 'sleep', '250', NULL),
	('おじいさん(intro)', 1, 4, 'sleep', '250', NULL),
	('おじいさん(intro)', 1, 8, 'sleep', '1000', NULL),
	('おじいさん(intro)', 1, 11, 'say', '!!', '2000'),
	('おじいさん(intro)', 1, 15, 'say', 'これは…', '2000'),
	('おじいさん(intro)', 1, 26, 'say', '宝物..?', '2000'),
	('bed 04', 1, 1, 'say', '寝ようか。', '-1'),
	('bed 04', 1, 2, 'select', '-1', '-1'),
	('おじいさん(intro)', 1, 9, 'turn', 'up', NULL),
	('おじいさん(intro)', 1, 10, 'sleep', '500', NULL),
	('おじいさん(intro)', 1, 12, 'move', 'left', '1'),
	('おじいさん(intro)', 1, 13, 'move', 'up', '2'),
	('おじいさん(intro)', 1, 14, 'sleep', '1000', NULL),
	('おじいさん(intro)', 1, 16, 'action', 'attack', ''),
	('おじいさん(intro)', 1, 18, 'action', 'attack', ''),
	('おじいさん(intro)', 1, 17, 'sleep', '250', ''),
	('おじいさん(intro)', 1, 19, 'sleep', '250', ''),
	('おじいさん(intro)', 1, 20, 'action', 'attack', ''),
	('おじいさん(intro)', 1, 21, 'sleep', '1500', ''),
	('おじいさん(intro)', 1, 24, 'turn', 'right', ''),
	('おじいさん(intro)', 1, 22, 'turn', 'left', ''),
	('おじいさん(intro)', 1, 25, 'sleep', '1500', ''),
	('bed 03', 1, 1, 'say', '寝ようか。', '-1'),
	('bed 03', 1, 2, 'select', '-1', '-1'),
	('竹の子', 1, 1, 'say', '友達と一緒に遊びたい！', '-1'),
	('おじいさん(intro)', 1, 23, 'sleep', '500', ''),
	('竹の子(bad ending)', 1, 2, 'say', 'わあ！鍋パーティー楽しみね！', '3000'),
	('竹の子(bad ending)', 1, 3, 'sleep', '1000', ''),
	('竹の子(bad ending)', 1, 4, 'move', 'left', '2'),
	('竹の子(bad ending)', 1, 6, 'remove', NULL, ''),
	('竹の子(bad ending)', 1, 5, 'sleep', '500', '2'),
	('おじいさん(bad ending)', 1, 1, 'say', 'そ..そんな…', '3000'),
	('竹の子(bad ending)', 1, 8, 'call', 'おじいさん(bad ending)', '1'),
	('竹の子(bad ending)', 1, 7, 'sleep', '2000', ''),
	('竹の子(bad ending)', 1, 1, 'sleep', '2000', ''),
	('竹の子(good ending)', 1, 1, 'sleep', '2000', ''),
	('竹の子(good ending)', 1, 2, 'say', 'わあ！鍋パーティー楽しみね！', '3000'),
	('竹の子(good ending)', 1, 3, 'sleep', '1000', ''),
	('竹の子(good ending)', 1, 4, 'move', 'left', '2'),
	('竹の子(good ending)', 1, 5, 'sleep', '500', '2'),
	('竹の子(good ending)', 1, 6, 'call', 'おじいさん(good ending)', '1'),
	('おじいさん(good ending)', 1, 1, 'say', '駄目だ。', '1500'),
	('おじいさん(good ending)', 1, 2, 'sleep', '500', ''),
	('おじいさん(good ending)', 1, 3, 'call', '竹の子(good ending)', '2'),
	('竹の子(good ending)', 2, 1, 'turn', 'right', ''),
	('竹の子(good ending)', 2, 3, 'say', 'えっ..何で？', '2000'),
	('竹の子(good ending)', 2, 4, 'call', 'おじいさん(good ending)', '2'),
	('おじいさん(good ending)', 2, 1, 'say', '君は高貴なお嬢さんにならなければならない。', '4000'),
	('おじいさん(good ending)', 2, 2, 'call', '竹の子(good ending)', '3'),
	('竹の子(good ending)', 3, 2, 'say', 'で..でも、友達が待ってるのに…', '3000'),
	('竹の子(good ending)', 3, 1, 'sleep', '2000', ''),
	('竹の子(good ending)', 3, 4, 'call', 'おじいさん(good ending)', '3'),
	('おじいさん(good ending)', 3, 1, 'say', '今日。', '1500'),
	('おじいさん(good ending)', 3, 2, 'call', '竹の子(good ending)', '4'),
	('竹の子(good ending)', 4, 1, 'say', 'えっ...', '1500'),
	('竹の子(good ending)', 2, 2, 'sleep', '1000', ''),
	('竹の子(good ending)', 3, 3, 'say', 'いつ行く？', '2000'),
	('竹の子(good ending)', 4, 2, 'say', 'じゃ、友達と遊んでから..', '3000'),
	('竹の子(good ending)', 4, 3, 'call', 'おじいさん(good ending)', '4'),
	('おじいさん(good ending)', 4, 1, 'say', 'そんな奴らとはもう会わないで。', '3500'),
	('おじいさん(good ending)', 4, 2, 'say', '君は高貴なお嬢さんにならなければならないから。', '4000'),
	('おじいさん(good ending)', 6, 1, 'move', 'right', '1'),
	('おじいさん(good ending)', 4, 4, 'call', '婦人(good ending)', '1'),
	('婦人(good ending)', 1, 1, 'say', 'さあ、行こう。', '2000'),
	('婦人(good ending)', 1, 2, 'call', '竹の子(good ending)', '5'),
	('竹の子(good ending)', 5, 1, 'say', 'はい...', '2000'),
	('竹の子(good ending)', 5, 2, 'sleep', '3500', ''),
	('竹の子(good ending)', 5, 3, 'move', 'right', '3'),
	('竹の子(good ending)', 5, 4, 'call', '婦人(good ending)', '2'),
	('婦人(good ending)', 2, 1, 'sleep', '1500', ''),
	('婦人(good ending)', 4, 2, 'remove', '', ''),
	('婦人(good ending)', 2, 3, 'call', 'おじいさん(good ending)', '5'),
	('おじいさん(good ending)', 4, 3, 'sleep', '2000', ''),
	('おじいさん(good ending)', 6, 2, 'call', '竹の子(good ending)', '6'),
	('竹の子(good ending)', 7, 2, 'call', 'おじいさん(good ending)', '8'),
	('竹の子(good ending)', 6, 1, 'move', 'right', '1'),
	('おじいさん(good ending)', 8, 1, 'sleep', '3000', ''),
	('おじいさん(good ending)', 8, 2, 'say', '（やったぜ～！）', '2500'),
	('おじいさん(good ending)', 8, 3, 'sleep', '2000', ''),
	('おじいさん(good ending)', 8, 4, 'remove', '', ''),
	('おじいさん(good ending)', 8, 6, 'call', '竹の子(good ending)', '8'),
	('竹の子(good ending)', 8, 1, 'move', 'right', '1'),
	('竹の子(good ending)', 8, 2, 'sleep', '3000', ''),
	('竹の子(good ending)', 8, 3, 'say', '何で...', '3000'),
	('竹の子(good ending)', 8, 4, 'say', '何でこれが(good ending)？', '5000'),
	('竹の子(good ending)', 8, 5, 'sleep', '3500', ''),
	('竹の子(good ending)', 8, 10, 'remove', '', ''),
	('竹の子(good ending)', 8, 7, 'sleep', '1500', ''),
	('竹の子(good ending)', 8, 6, 'turn', 'down', ''),
	('竹の子(good ending)', 8, 8, 'turn', 'right', ''),
	('竹の子(good ending)', 8, 9, 'sleep', '1500', ''),
	('竹の子(good ending)', 8, 11, 'sleep', '2000', ''),
	('婦人(good ending)', 2, 2, 'turn', 'right', ''),
	('おじいさん(good ending)', 5, 1, 'turn', 'right', ''),
	('おじいさん(good ending)', 5, 2, 'call', '婦人(good ending)', '3'),
	('婦人(good ending)', 3, 1, 'sleep', '1500', ''),
	('婦人(good ending)', 3, 3, 'call', 'おじいさん(good ending)', '6'),
	('婦人(good ending)', 3, 2, 'move', 'right', '1'),
	('婦人(good ending)', 4, 1, 'sleep', '1500', ''),
	('婦人(good ending)', 4, 4, 'call', 'おじいさん(good ending)', '7'),
	('おじいさん(good ending)', 7, 1, 'move', 'right', '1'),
	('おじいさん(good ending)', 7, 2, 'call', '竹の子(good ending)', '7'),
	('竹の子(good ending)', 7, 1, 'move', 'right', '1'),
	('竹の子(good ending)', 6, 2, 'call', '婦人(good ending)', '4'),
	('婦人(good ending)', 4, 3, 'sleep', '500', ''),
	('おじいさん(good ending)', 8, 5, 'sleep', '500', ''),
	('おじいさん(bad ending)', 1, 2, 'sleep', '2000', ''),
	('おじいさん(intro)', 1, 27, 'say', 'まさか、娘を…', '2000'),
	('おじいさん(intro)', 1, 28, 'say', '高貴なお嬢さんに育てろという神様のお話？', '6000'),
	('婦人', 1, 1, 'turn', 'left', ''),
	('婦人', 1, 4, 'call', '竹の子', '2'),
	('竹の子', 2, 1, 'turn', 'right', ''),
	('婦人', 1, 3, 'say', '多分7日だったよね？', '-1'),
	('竹の子', 2, 3, 'call', 'bed 03', '2'),
	('bed 03', 2, 1, 'say', '許せない...', '-1'),
	('bed 03', 2, 2, 'say', 'うちの子は高貴なお嬢さんにならなきゃ。', '-1'),
	('bed 03', 2, 3, 'say', '...', '-1'),
	('bed 03', 2, 4, 'say', '...二十万円。', '-1'),
	('bed 03', 2, 5, 'say', '<b>7日</b>まで<b>二十万円</b>を貯めよう。', '-1'),
	('婦人', 1, 2, 'say', '来週約束があったんよね？', '-1'),
	('竹の子', 2, 2, 'say', 'うん！楽しみね！', '-1');
/*!40000 ALTER TABLE `script` ENABLE KEYS */;

-- 테이블 movemove.sprite 구조 내보내기
CREATE TABLE IF NOT EXISTS `sprite` (
  `number` int(10) unsigned NOT NULL,
  `name` varchar(50) NOT NULL DEFAULT 'Blue stone',
  `name_image` varchar(50) NOT NULL DEFAULT 'blueStone40.png',
  `name_image_left` varchar(50) NOT NULL DEFAULT '',
  `name_image_top` varchar(50) NOT NULL DEFAULT '',
  `name_image_right` varchar(50) NOT NULL DEFAULT '',
  PRIMARY KEY (`number`),
  UNIQUE KEY `name` (`name`),
  UNIQUE KEY `name_image` (`name_image`)
) ENGINE=InnoDB DEFAULT CHARSET=utf8 COMMENT='Codex of sprites.\r\n\r\nIf you change this table, recommend that change only column number.\r\n\r\nname_image is default(bottom).';

-- 테이블 데이터 movemove.sprite:~15 rows (대략적) 내보내기
/*!40000 ALTER TABLE `sprite` DISABLE KEYS */;
INSERT INTO `sprite` (`number`, `name`, `name_image`, `name_image_left`, `name_image_top`, `name_image_right`) VALUES
	(1, 'player', 'ojiisann.png', 'ojiisann_left.png', 'ojiisann_up.png', 'ojiisann_right.png'),
	(2, 'obaasann', 'obaasann.png', 'obaasann_left.png', 'obaasann_up.png', 'obaasann_right.png'),
	(3, 'takenoko', 'takenoko.png', 'takenoko_left.png', 'takenoko_up.png', 'takenoko_right.png'),
	(4, 'portal', 'portal.png', '', '', ''),
	(5, 'wood_door', 'wood_door.png', '', '', ''),
	(6, 'bed 01', 'bed_01.png', '', '', ''),
	(7, 'bed 02', 'bed_02.png', '', '', ''),
	(8, 'gold', 'gold.png', '', '', ''),
	(9, 'transparent wall', 'transparent_wall.png', '', '', ''),
	(10, 'bamboo', 'bamboo.png', '', '', ''),
	(11, 'destroyed_bamboo', 'destroyed_bamboo.png', '', '', ''),
	(12, 'Blue stone', 'blueStone40_bottom.png', 'blueStone40_left.png', 'blueStone40_top.png', 'blueStone40_right.png'),
	(13, 'bed 03', 'bed_03.png', '', '', ''),
	(14, 'bed 04', 'bed_04.png', '', '', ''),
	(15, 'developer', 'developer.png', '', '', '');
/*!40000 ALTER TABLE `sprite` ENABLE KEYS */;

-- 테이블 movemove.stats 구조 내보내기
CREATE TABLE IF NOT EXISTS `stats` (
  `number` int(11) unsigned NOT NULL,
  `name_sprite` varchar(50) NOT NULL,
  `health_point` int(11) DEFAULT NULL,
  PRIMARY KEY (`number`),
  KEY `FK_stats_sprite` (`name_sprite`),
  CONSTRAINT `FK_stats_sprite` FOREIGN KEY (`name_sprite`) REFERENCES `sprite` (`name`) ON UPDATE CASCADE
) ENGINE=InnoDB DEFAULT CHARSET=utf8 COMMENT='Codex of stat of the sprites.';

-- 테이블 데이터 movemove.stats:~2 rows (대략적) 내보내기
/*!40000 ALTER TABLE `stats` DISABLE KEYS */;
INSERT INTO `stats` (`number`, `name_sprite`, `health_point`) VALUES
	(1, 'player', 100),
	(2, 'bamboo', 3);
/*!40000 ALTER TABLE `stats` ENABLE KEYS */;

-- 테이블 movemove._event 구조 내보내기
CREATE TABLE IF NOT EXISTS `_event` (
  `number` int(11) unsigned NOT NULL,
  `name` varchar(50) NOT NULL,
  `name_field` varchar(50) NOT NULL,
  `name_sprite` varchar(50) NOT NULL,
  `_type` varchar(50) NOT NULL DEFAULT 'object',
  `location_x` int(11) unsigned NOT NULL DEFAULT 0,
  `location_y` int(11) unsigned NOT NULL DEFAULT 0,
  `direction` int(10) unsigned NOT NULL DEFAULT 6,
  `dialog` varchar(50) NOT NULL DEFAULT '',
  `exist_script` tinyint(4) DEFAULT 0,
  PRIMARY KEY (`number`),
  UNIQUE KEY `열 9` (`name`),
  KEY `FK_event_name_field` (`name_field`),
  KEY `FK_event_name_sprite` (`name_sprite`),
  CONSTRAINT `FK__event_sprite` FOREIGN KEY (`name_sprite`) REFERENCES `sprite` (`name`) ON UPDATE CASCADE,
  CONSTRAINT `FK_event_name_field` FOREIGN KEY (`name_field`) REFERENCES `_field` (`name`) ON UPDATE CASCADE
) ENGINE=InnoDB DEFAULT CHARSET=utf8 ROW_FORMAT=DYNAMIC COMMENT='The linker of _field and sprite table.\r\n\r\nNPC or monster object is said event in here.\r\nname column is name of event.\r\n\r\n_type:\r\n  object\r\n  merchant\r\n  portal\r\n  destroyable\r\n  destroyed\r\n  wall (basically, transparent)\r\n  bed (to end the today.)\r\n  ';

-- 테이블 데이터 movemove._event:~752 rows (대략적) 내보내기
/*!40000 ALTER TABLE `_event` DISABLE KEYS */;
INSERT INTO `_event` (`number`, `name`, `name_field`, `name_sprite`, `_type`, `location_x`, `location_y`, `direction`, `dialog`, `exist_script`) VALUES
	(1, 'おじいさん(intro)', 'the forest of bamboo(intro)', 'player', 'object', 0, 280, 3, '', 1),
	(2, 'bamboo 1 in the forest of bamboo(intro)', 'the forest of bamboo(intro)', 'bamboo', 'destroyable', 400, 280, 6, '', 0),
	(3, 'bamboo 2 in the forest of bamboo(intro)', 'the forest of bamboo(intro)', 'bamboo', 'destroyable', 320, 160, 6, '', 0),
	(4, 'go from the forest of bamboo to home outer', 'the forest of bamboo', 'portal', 'portal', 200, 0, 6, '', 0),
	(5, 'go from home outer to home inner', 'home outer', 'wood_door', 'portal', 120, 80, 6, '', 0),
	(6, 'go from home outer to the forest of bamboo', 'home outer', 'portal', 'portal', 240, 120, 6, '', 0),
	(7, 'transparent wall in home outer 01', 'home outer', 'transparent wall', 'wall', 0, 80, 6, '', 0),
	(8, 'transparent wall in home outer 02', 'home outer', 'transparent wall', 'wall', 40, 80, 6, '', 0),
	(9, 'transparent wall in home outer 03', 'home outer', 'transparent wall', 'wall', 80, 80, 6, '', 0),
	(10, 'transparent wall in home outer 04', 'home outer', 'transparent wall', 'wall', 160, 80, 6, '', 0),
	(11, 'transparent wall in home outer 05', 'home outer', 'transparent wall', 'wall', 200, 80, 6, '', 0),
	(12, 'transparent wall in home outer 07', 'home outer', 'transparent wall', 'wall', 240, 80, 6, '', 0),
	(13, 'go from home inner to home outer', 'home inner', 'portal', 'portal', 120, 320, 6, '', 0),
	(14, 'transparent wall in home inner 01', 'home inner', 'transparent wall', 'wall', 0, 320, 6, '', 0),
	(15, 'transparent wall in home inner 02', 'home inner', 'transparent wall', 'wall', 40, 320, 6, '', 0),
	(16, 'transparent wall in home inner 03', 'home inner', 'transparent wall', 'wall', 80, 320, 6, '', 0),
	(17, 'transparent wall in home inner 04', 'home inner', 'transparent wall', 'wall', 160, 320, 6, '', 0),
	(18, 'transparent wall in home inner 05', 'home inner', 'transparent wall', 'wall', 200, 320, 6, '', 0),
	(19, 'transparent wall in home inner 06', 'home inner', 'transparent wall', 'wall', 240, 320, 6, '', 0),
	(20, 'bed 01', 'home inner', 'bed 01', 'wall', 200, 120, 6, '', 0),
	(21, 'bed 02', 'home inner', 'bed 02', 'wall', 240, 120, 6, '', 0),
	(22, 'bed 03', 'home inner', 'bed 03', 'bed', 200, 160, 6, '', 1),
	(23, 'bed 04', 'home inner', 'bed 04', 'bed', 240, 160, 6, '', 1),
	(24, '婦人', 'home inner', 'obaasann', 'merchant', 120, 80, 6, 'お帰り。', 1),
	(25, '竹の子', 'home inner', 'takenoko', 'object', 40, 80, 6, '', 1),
	(26, 'The door of home(bad ending)', 'home outer(bad ending)', 'wood_door', 'wall', 120, 80, 6, '', 0),
	(27, 'The door of home(good ending)', 'home outer(good ending)', 'wood_door', 'wall', 120, 80, 6, '', 0),
	(28, '竹の子(bad ending)', 'home outer(bad ending)', 'takenoko', 'object', 80, 120, 6, '', 1),
	(29, 'おじいさん(bad ending)', 'home outer(bad ending)', 'player', 'object', 160, 120, 9, '', 1),
	(30, '竹の子(good ending)', 'home outer(good ending)', 'takenoko', 'object', 80, 120, 6, '', 1),
	(31, 'おじいさん(good ending)', 'home outer(good ending)', 'player', 'object', 160, 120, 9, '', 1),
	(32, '婦人(good ending)', 'home outer(good ending)', 'obaasann', 'object', 200, 120, 9, '', 1),
	(33, 'bamboo 3 in the forest of bamboo(intro)', 'the forest of bamboo(intro)', 'bamboo', 'object', 480, 160, 6, '', 0),
	(34, 'bamboo 4 in the forest of bamboo(intro)', 'the forest of bamboo(intro)', 'bamboo', 'object', 240, 360, 6, '', 0),
	(35, 'bamboo 5 in the forest of bamboo(intro)', 'the forest of bamboo(intro)', 'bamboo', 'object', 120, 120, 6, '', 0),
	(36, 'bamboo 6 in the forest of bamboo(intro)', 'the forest of bamboo(intro)', 'bamboo', 'object', 560, 240, 6, '', 0),
	(37, 'bamboo 7 in the forest of bamboo(intro)', 'the forest of bamboo(intro)', 'bamboo', 'object', 80, 440, 6, '', 0),
	(38, 'bamboo 8 in the forest of bamboo(intro)', 'the forest of bamboo(intro)', 'bamboo', 'object', 600, 40, 6, '', 0),
	(39, 'bamboo 9 in the forest of bamboo(intro)', 'the forest of bamboo(intro)', 'bamboo', 'object', 520, 520, 6, '', 0),
	(40, 'bamboo 10 in the forest of bamboo(intro)', 'the forest of bamboo(intro)', 'bamboo', 'object', 240, 560, 6, '', 0),
	(41, 'bamboo 11 in the forest of bamboo(intro)', 'the forest of bamboo(intro)', 'bamboo', 'object', 200, 40, 6, '', 0),
	(42, 'bamboo 12 in the forest of bamboo(intro)', 'the forest of bamboo(intro)', 'bamboo', 'object', 680, 440, 6, '', 0),
	(43, 'bamboo 13 in the forest of bamboo(intro)', 'the forest of bamboo(intro)', 'bamboo', 'object', 440, 0, 6, '', 0),
	(44, 'bamboo 14 in the forest of bamboo(intro)', 'the forest of bamboo(intro)', 'bamboo', 'object', 360, 480, 6, '', 0),
	(45, 'bamboo 15 in the forest of bamboo(intro)', 'the forest of bamboo(intro)', 'bamboo', 'object', 0, 160, 6, '', 0),
	(46, 'bamboo 16 in the forest of bamboo(intro)', 'the forest of bamboo(intro)', 'bamboo', 'object', 640, 360, 6, '', 0),
	(47, 'bamboo 17 in the forest of bamboo(intro)', 'the forest of bamboo(intro)', 'bamboo', 'object', 720, 120, 6, '', 0),
	(48, 'bamboo 18 in the forest of bamboo(intro)', 'the forest of bamboo(intro)', 'bamboo', 'object', 440, 440, 6, '', 0),
	(49, 'bamboo 19 in the forest of bamboo(intro)', 'the forest of bamboo(intro)', 'bamboo', 'object', 800, 200, 6, '', 0),
	(50, 'bamboo 20 in the forest of bamboo(intro)', 'the forest of bamboo(intro)', 'bamboo', 'object', 40, 560, 6, '', 0),
	(51, 'bamboo 21 in the forest of bamboo(intro)', 'the forest of bamboo(intro)', 'bamboo', 'object', 720, 560, 6, '', 0),
	(52, 'go from everywhere to home inner', 'outer cosmos', 'portal', 'portal', 0, 0, 6, '', 0),
	(53, 'bamboo 22 in the forest of bamboo(intro)', 'the forest of bamboo(intro)', 'bamboo', 'object', 120, 0, 6, '', 0),
	(54, 'bamboo 23 in the forest of bamboo(intro)', 'the forest of bamboo(intro)', 'bamboo', 'object', 0, 40, 6, '', 0),
	(55, 'bamboo 1 in the forest of bamboo', 'the forest of bamboo', 'bamboo', 'destroyable', 1680, 480, 6, '', 0),
	(56, 'bamboo 2 in the forest of bamboo', 'the forest of bamboo', 'bamboo', 'destroyable', 960, 1200, 6, '', 0),
	(57, 'bamboo 3 in the forest of bamboo', 'the forest of bamboo', 'bamboo', 'destroyable', 3920, 600, 6, '', 0),
	(58, 'bamboo 4 in the forest of bamboo', 'the forest of bamboo', 'bamboo', 'destroyable', 1440, 1200, 6, '', 0),
	(59, 'bamboo 5 in the forest of bamboo', 'the forest of bamboo', 'bamboo', 'destroyable', 1240, 1800, 6, '', 0),
	(60, 'bamboo 6 in the forest of bamboo', 'the forest of bamboo', 'bamboo', 'destroyable', 1960, 960, 6, '', 0),
	(61, 'bamboo 7 in the forest of bamboo', 'the forest of bamboo', 'bamboo', 'destroyable', 560, 1080, 6, '', 0),
	(62, 'bamboo 8 in the forest of bamboo', 'the forest of bamboo', 'bamboo', 'destroyable', 880, 480, 6, '', 0),
	(63, 'bamboo 9 in the forest of bamboo', 'the forest of bamboo', 'bamboo', 'destroyable', 1520, 240, 6, '', 0),
	(64, 'bamboo 10 in the forest of bamboo', 'the forest of bamboo', 'bamboo', 'destroyable', 1120, 240, 6, '', 0),
	(65, 'bamboo 11 in the forest of bamboo', 'the forest of bamboo', 'bamboo', 'destroyable', 3000, 1360, 6, '', 0),
	(66, 'bamboo 12 in the forest of bamboo', 'the forest of bamboo', 'bamboo', 'destroyable', 3000, 1480, 6, '', 0),
	(67, 'bamboo 13 in the forest of bamboo', 'the forest of bamboo', 'bamboo', 'destroyable', 3200, 1080, 6, '', 0),
	(68, 'bamboo 14 in the forest of bamboo', 'the forest of bamboo', 'bamboo', 'destroyable', 1880, 240, 6, '', 0),
	(69, 'bamboo 15 in the forest of bamboo', 'the forest of bamboo', 'bamboo', 'destroyable', 3280, 720, 6, '', 0),
	(70, 'bamboo 16 in the forest of bamboo', 'the forest of bamboo', 'bamboo', 'destroyable', 1720, 560, 6, '', 0),
	(71, 'bamboo 17 in the forest of bamboo', 'the forest of bamboo', 'bamboo', 'destroyable', 40, 600, 6, '', 0),
	(72, 'bamboo 18 in the forest of bamboo', 'the forest of bamboo', 'bamboo', 'destroyable', 3680, 120, 6, '', 0),
	(73, 'bamboo 19 in the forest of bamboo', 'the forest of bamboo', 'bamboo', 'destroyable', 3920, 920, 6, '', 0),
	(74, 'bamboo 20 in the forest of bamboo', 'the forest of bamboo', 'bamboo', 'destroyable', 1360, 1920, 6, '', 0),
	(75, 'bamboo 21 in the forest of bamboo', 'the forest of bamboo', 'bamboo', 'destroyable', 680, 1680, 6, '', 0),
	(76, 'bamboo 22 in the forest of bamboo', 'the forest of bamboo', 'bamboo', 'destroyable', 80, 1280, 6, '', 0),
	(77, 'bamboo 23 in the forest of bamboo', 'the forest of bamboo', 'bamboo', 'destroyable', 920, 1800, 6, '', 0),
	(78, 'bamboo 24 in the forest of bamboo', 'the forest of bamboo', 'bamboo', 'destroyable', 1680, 1800, 6, '', 0),
	(79, 'bamboo 25 in the forest of bamboo', 'the forest of bamboo', 'bamboo', 'destroyable', 2000, 280, 6, '', 0),
	(80, 'bamboo 26 in the forest of bamboo', 'the forest of bamboo', 'bamboo', 'destroyable', 2320, 680, 6, '', 0),
	(81, 'bamboo 27 in the forest of bamboo', 'the forest of bamboo', 'bamboo', 'destroyable', 1920, 1920, 6, '', 0),
	(82, 'bamboo 28 in the forest of bamboo', 'the forest of bamboo', 'bamboo', 'destroyable', 680, 400, 6, '', 0),
	(83, 'bamboo 29 in the forest of bamboo', 'the forest of bamboo', 'bamboo', 'destroyable', 3600, 480, 6, '', 0),
	(84, 'bamboo 30 in the forest of bamboo', 'the forest of bamboo', 'bamboo', 'destroyable', 1600, 920, 6, '', 0),
	(85, 'bamboo 31 in the forest of bamboo', 'the forest of bamboo', 'bamboo', 'destroyable', 1880, 480, 6, '', 0),
	(86, 'bamboo 32 in the forest of bamboo', 'the forest of bamboo', 'bamboo', 'destroyable', 520, 1920, 6, '', 0),
	(87, 'bamboo 33 in the forest of bamboo', 'the forest of bamboo', 'bamboo', 'destroyable', 200, 240, 6, '', 0),
	(88, 'bamboo 34 in the forest of bamboo', 'the forest of bamboo', 'bamboo', 'destroyable', 1360, 1640, 6, '', 0),
	(89, 'bamboo 35 in the forest of bamboo', 'the forest of bamboo', 'bamboo', 'destroyable', 2160, 1200, 6, '', 0),
	(90, 'bamboo 36 in the forest of bamboo', 'the forest of bamboo', 'bamboo', 'destroyable', 3680, 960, 6, '', 0),
	(91, 'bamboo 37 in the forest of bamboo', 'the forest of bamboo', 'bamboo', 'destroyable', 3360, 1800, 6, '', 0),
	(92, 'bamboo 38 in the forest of bamboo', 'the forest of bamboo', 'bamboo', 'destroyable', 3320, 920, 6, '', 0),
	(93, 'bamboo 39 in the forest of bamboo', 'the forest of bamboo', 'bamboo', 'destroyable', 1480, 1280, 6, '', 0),
	(94, 'bamboo 40 in the forest of bamboo', 'the forest of bamboo', 'bamboo', 'destroyable', 3480, 560, 6, '', 0),
	(95, 'bamboo 41 in the forest of bamboo', 'the forest of bamboo', 'bamboo', 'destroyable', 240, 600, 6, '', 0),
	(96, 'bamboo 42 in the forest of bamboo', 'the forest of bamboo', 'bamboo', 'destroyable', 2880, 1480, 6, '', 0),
	(97, 'bamboo 43 in the forest of bamboo', 'the forest of bamboo', 'bamboo', 'destroyable', 3520, 1880, 6, '', 0),
	(98, 'bamboo 44 in the forest of bamboo', 'the forest of bamboo', 'bamboo', 'destroyable', 3520, 280, 6, '', 0),
	(99, 'bamboo 45 in the forest of bamboo', 'the forest of bamboo', 'bamboo', 'destroyable', 1960, 1600, 6, '', 0),
	(100, 'bamboo 46 in the forest of bamboo', 'the forest of bamboo', 'bamboo', 'destroyable', 2480, 520, 6, '', 0),
	(101, 'bamboo 47 in the forest of bamboo', 'the forest of bamboo', 'bamboo', 'destroyable', 840, 1480, 6, '', 0),
	(102, 'bamboo 48 in the forest of bamboo', 'the forest of bamboo', 'bamboo', 'destroyable', 1760, 1440, 6, '', 0),
	(103, 'bamboo 49 in the forest of bamboo', 'the forest of bamboo', 'bamboo', 'destroyable', 3520, 1720, 6, '', 0),
	(104, 'bamboo 50 in the forest of bamboo', 'the forest of bamboo', 'bamboo', 'destroyable', 640, 960, 6, '', 0),
	(105, 'bamboo 51 in the forest of bamboo', 'the forest of bamboo', 'bamboo', 'destroyable', 2960, 280, 6, '', 0),
	(106, 'bamboo 52 in the forest of bamboo', 'the forest of bamboo', 'bamboo', 'destroyable', 2720, 1360, 6, '', 0),
	(107, 'bamboo 53 in the forest of bamboo', 'the forest of bamboo', 'bamboo', 'destroyable', 2480, 1720, 6, '', 0),
	(108, 'bamboo 54 in the forest of bamboo', 'the forest of bamboo', 'bamboo', 'destroyable', 760, 1160, 6, '', 0),
	(109, 'bamboo 55 in the forest of bamboo', 'the forest of bamboo', 'bamboo', 'destroyable', 1320, 240, 6, '', 0),
	(110, 'bamboo 56 in the forest of bamboo', 'the forest of bamboo', 'bamboo', 'destroyable', 2120, 560, 6, '', 0),
	(111, 'bamboo 57 in the forest of bamboo', 'the forest of bamboo', 'bamboo', 'destroyable', 2440, 1520, 6, '', 0),
	(112, 'bamboo 58 in the forest of bamboo', 'the forest of bamboo', 'bamboo', 'destroyable', 1640, 1440, 6, '', 0),
	(113, 'bamboo 59 in the forest of bamboo', 'the forest of bamboo', 'bamboo', 'destroyable', 1800, 1280, 6, '', 0),
	(114, 'bamboo 60 in the forest of bamboo', 'the forest of bamboo', 'bamboo', 'destroyable', 2240, 840, 6, '', 0),
	(115, 'bamboo 61 in the forest of bamboo', 'the forest of bamboo', 'bamboo', 'destroyable', 2160, 120, 6, '', 0),
	(116, 'bamboo 62 in the forest of bamboo', 'the forest of bamboo', 'bamboo', 'destroyable', 2240, 1360, 6, '', 0),
	(117, 'bamboo 63 in the forest of bamboo', 'the forest of bamboo', 'bamboo', 'destroyable', 1720, 160, 6, '', 0),
	(118, 'bamboo 64 in the forest of bamboo', 'the forest of bamboo', 'bamboo', 'destroyable', 2760, 1880, 6, '', 0),
	(119, 'bamboo 65 in the forest of bamboo', 'the forest of bamboo', 'bamboo', 'destroyable', 200, 1520, 6, '', 0),
	(120, 'bamboo 66 in the forest of bamboo', 'the forest of bamboo', 'bamboo', 'destroyable', 1920, 1200, 6, '', 0),
	(121, 'bamboo 67 in the forest of bamboo', 'the forest of bamboo', 'bamboo', 'destroyable', 1320, 80, 6, '', 0),
	(122, 'bamboo 68 in the forest of bamboo', 'the forest of bamboo', 'bamboo', 'destroyable', 1520, 800, 6, '', 0),
	(123, 'bamboo 69 in the forest of bamboo', 'the forest of bamboo', 'bamboo', 'destroyable', 3560, 160, 6, '', 0),
	(124, 'bamboo 70 in the forest of bamboo', 'the forest of bamboo', 'bamboo', 'destroyable', 800, 840, 6, '', 0),
	(125, 'bamboo 71 in the forest of bamboo', 'the forest of bamboo', 'bamboo', 'destroyable', 920, 1680, 6, '', 0),
	(126, 'bamboo 72 in the forest of bamboo', 'the forest of bamboo', 'bamboo', 'destroyable', 2200, 240, 6, '', 0),
	(127, 'bamboo 73 in the forest of bamboo', 'the forest of bamboo', 'bamboo', 'destroyable', 3240, 1880, 6, '', 0),
	(128, 'bamboo 74 in the forest of bamboo', 'the forest of bamboo', 'bamboo', 'destroyable', 440, 520, 6, '', 0),
	(129, 'bamboo 75 in the forest of bamboo', 'the forest of bamboo', 'bamboo', 'destroyable', 3480, 1720, 6, '', 0),
	(130, 'bamboo 76 in the forest of bamboo', 'the forest of bamboo', 'bamboo', 'destroyable', 3360, 40, 6, '', 0),
	(131, 'bamboo 77 in the forest of bamboo', 'the forest of bamboo', 'bamboo', 'destroyable', 3840, 1440, 6, '', 0),
	(132, 'bamboo 78 in the forest of bamboo', 'the forest of bamboo', 'bamboo', 'destroyable', 2720, 1720, 6, '', 0),
	(133, 'bamboo 79 in the forest of bamboo', 'the forest of bamboo', 'bamboo', 'destroyable', 2840, 720, 6, '', 0),
	(134, 'bamboo 80 in the forest of bamboo', 'the forest of bamboo', 'bamboo', 'destroyable', 1480, 600, 6, '', 0),
	(135, 'bamboo 81 in the forest of bamboo', 'the forest of bamboo', 'bamboo', 'destroyable', 2800, 1000, 6, '', 0),
	(136, 'bamboo 82 in the forest of bamboo', 'the forest of bamboo', 'bamboo', 'destroyable', 800, 1160, 6, '', 0),
	(137, 'bamboo 83 in the forest of bamboo', 'the forest of bamboo', 'bamboo', 'destroyable', 2520, 800, 6, '', 0),
	(138, 'bamboo 84 in the forest of bamboo', 'the forest of bamboo', 'bamboo', 'destroyable', 320, 200, 6, '', 0),
	(139, 'bamboo 85 in the forest of bamboo', 'the forest of bamboo', 'bamboo', 'destroyable', 560, 80, 6, '', 0),
	(140, 'bamboo 86 in the forest of bamboo', 'the forest of bamboo', 'bamboo', 'destroyable', 3840, 440, 6, '', 0),
	(141, 'bamboo 87 in the forest of bamboo', 'the forest of bamboo', 'bamboo', 'destroyable', 240, 1360, 6, '', 0),
	(142, 'bamboo 88 in the forest of bamboo', 'the forest of bamboo', 'bamboo', 'destroyable', 200, 920, 6, '', 0),
	(143, 'bamboo 89 in the forest of bamboo', 'the forest of bamboo', 'bamboo', 'destroyable', 2720, 160, 6, '', 0),
	(144, 'bamboo 90 in the forest of bamboo', 'the forest of bamboo', 'bamboo', 'destroyable', 2920, 360, 6, '', 0),
	(145, 'bamboo 91 in the forest of bamboo', 'the forest of bamboo', 'bamboo', 'destroyable', 1960, 1000, 6, '', 0),
	(146, 'bamboo 92 in the forest of bamboo', 'the forest of bamboo', 'bamboo', 'destroyable', 720, 1480, 6, '', 0),
	(147, 'bamboo 93 in the forest of bamboo', 'the forest of bamboo', 'bamboo', 'destroyable', 3360, 320, 6, '', 0),
	(148, 'bamboo 94 in the forest of bamboo', 'the forest of bamboo', 'bamboo', 'destroyable', 2120, 600, 6, '', 0),
	(149, 'bamboo 95 in the forest of bamboo', 'the forest of bamboo', 'bamboo', 'destroyable', 3600, 440, 6, '', 0),
	(150, 'bamboo 96 in the forest of bamboo', 'the forest of bamboo', 'bamboo', 'destroyable', 1640, 840, 6, '', 0),
	(151, 'bamboo 97 in the forest of bamboo', 'the forest of bamboo', 'bamboo', 'destroyable', 2360, 1120, 6, '', 0),
	(152, 'bamboo 98 in the forest of bamboo', 'the forest of bamboo', 'bamboo', 'destroyable', 1560, 1840, 6, '', 0),
	(153, 'bamboo 99 in the forest of bamboo', 'the forest of bamboo', 'bamboo', 'destroyable', 2520, 600, 6, '', 0),
	(154, 'bamboo 100 in the forest of bamboo', 'the forest of bamboo', 'bamboo', 'destroyable', 1560, 440, 6, '', 0),
	(155, 'bamboo 101 in the forest of bamboo', 'the forest of bamboo', 'bamboo', 'destroyable', 1960, 1400, 6, '', 0),
	(156, 'bamboo 102 in the forest of bamboo', 'the forest of bamboo', 'bamboo', 'destroyable', 2040, 280, 6, '', 0),
	(157, 'bamboo 103 in the forest of bamboo', 'the forest of bamboo', 'bamboo', 'destroyable', 840, 1440, 6, '', 0),
	(158, 'bamboo 104 in the forest of bamboo', 'the forest of bamboo', 'bamboo', 'destroyable', 2480, 120, 6, '', 0),
	(159, 'bamboo 105 in the forest of bamboo', 'the forest of bamboo', 'bamboo', 'destroyable', 960, 1000, 6, '', 0),
	(160, 'bamboo 106 in the forest of bamboo', 'the forest of bamboo', 'bamboo', 'destroyable', 3040, 480, 6, '', 0),
	(161, 'bamboo 107 in the forest of bamboo', 'the forest of bamboo', 'bamboo', 'destroyable', 2600, 840, 6, '', 0),
	(162, 'bamboo 108 in the forest of bamboo', 'the forest of bamboo', 'bamboo', 'destroyable', 240, 160, 6, '', 0),
	(163, 'bamboo 109 in the forest of bamboo', 'the forest of bamboo', 'bamboo', 'destroyable', 1920, 880, 6, '', 0),
	(164, 'bamboo 110 in the forest of bamboo', 'the forest of bamboo', 'bamboo', 'destroyable', 3400, 760, 6, '', 0),
	(165, 'bamboo 111 in the forest of bamboo', 'the forest of bamboo', 'bamboo', 'destroyable', 3600, 1360, 6, '', 0),
	(166, 'bamboo 112 in the forest of bamboo', 'the forest of bamboo', 'bamboo', 'destroyable', 120, 1560, 6, '', 0),
	(167, 'bamboo 113 in the forest of bamboo', 'the forest of bamboo', 'bamboo', 'destroyable', 2680, 880, 6, '', 0),
	(168, 'bamboo 114 in the forest of bamboo', 'the forest of bamboo', 'bamboo', 'destroyable', 2040, 1200, 6, '', 0),
	(169, 'bamboo 115 in the forest of bamboo', 'the forest of bamboo', 'bamboo', 'destroyable', 3920, 1240, 6, '', 0),
	(170, 'bamboo 116 in the forest of bamboo', 'the forest of bamboo', 'bamboo', 'destroyable', 3280, 520, 6, '', 0),
	(171, 'bamboo 117 in the forest of bamboo', 'the forest of bamboo', 'bamboo', 'destroyable', 2640, 1400, 6, '', 0),
	(172, 'bamboo 118 in the forest of bamboo', 'the forest of bamboo', 'bamboo', 'destroyable', 1120, 40, 6, '', 0),
	(173, 'bamboo 119 in the forest of bamboo', 'the forest of bamboo', 'bamboo', 'destroyable', 2600, 1880, 6, '', 0),
	(174, 'bamboo 120 in the forest of bamboo', 'the forest of bamboo', 'bamboo', 'destroyable', 3080, 80, 6, '', 0),
	(175, 'bamboo 121 in the forest of bamboo', 'the forest of bamboo', 'bamboo', 'destroyable', 3400, 1920, 6, '', 0),
	(176, 'bamboo 122 in the forest of bamboo', 'the forest of bamboo', 'bamboo', 'destroyable', 3760, 1120, 6, '', 0),
	(177, 'bamboo 123 in the forest of bamboo', 'the forest of bamboo', 'bamboo', 'destroyable', 1400, 1840, 6, '', 0),
	(178, 'bamboo 124 in the forest of bamboo', 'the forest of bamboo', 'bamboo', 'destroyable', 3920, 1880, 6, '', 0),
	(179, 'bamboo 125 in the forest of bamboo', 'the forest of bamboo', 'bamboo', 'destroyable', 2600, 1600, 6, '', 0),
	(180, 'bamboo 126 in the forest of bamboo', 'the forest of bamboo', 'bamboo', 'destroyable', 3880, 1800, 6, '', 0),
	(181, 'bamboo 127 in the forest of bamboo', 'the forest of bamboo', 'bamboo', 'destroyable', 2280, 680, 6, '', 0),
	(182, 'bamboo 128 in the forest of bamboo', 'the forest of bamboo', 'bamboo', 'destroyable', 40, 1800, 6, '', 0),
	(183, 'bamboo 129 in the forest of bamboo', 'the forest of bamboo', 'bamboo', 'destroyable', 560, 280, 6, '', 0),
	(184, 'bamboo 130 in the forest of bamboo', 'the forest of bamboo', 'bamboo', 'destroyable', 1400, 960, 6, '', 0),
	(185, 'bamboo 131 in the forest of bamboo', 'the forest of bamboo', 'bamboo', 'destroyable', 2880, 1160, 6, '', 0),
	(186, 'bamboo 132 in the forest of bamboo', 'the forest of bamboo', 'bamboo', 'destroyable', 2280, 1000, 6, '', 0),
	(187, 'bamboo 133 in the forest of bamboo', 'the forest of bamboo', 'bamboo', 'destroyable', 1360, 800, 6, '', 0),
	(188, 'bamboo 134 in the forest of bamboo', 'the forest of bamboo', 'bamboo', 'destroyable', 1800, 800, 6, '', 0),
	(189, 'bamboo 135 in the forest of bamboo', 'the forest of bamboo', 'bamboo', 'destroyable', 2760, 840, 6, '', 0),
	(190, 'bamboo 136 in the forest of bamboo', 'the forest of bamboo', 'bamboo', 'destroyable', 640, 1200, 6, '', 0),
	(191, 'bamboo 137 in the forest of bamboo', 'the forest of bamboo', 'bamboo', 'destroyable', 120, 360, 6, '', 0),
	(192, 'bamboo 138 in the forest of bamboo', 'the forest of bamboo', 'bamboo', 'destroyable', 1200, 1120, 6, '', 0),
	(193, 'bamboo 139 in the forest of bamboo', 'the forest of bamboo', 'bamboo', 'destroyable', 2160, 960, 6, '', 0),
	(194, 'bamboo 140 in the forest of bamboo', 'the forest of bamboo', 'bamboo', 'destroyable', 800, 1920, 6, '', 0),
	(195, 'bamboo 141 in the forest of bamboo', 'the forest of bamboo', 'bamboo', 'destroyable', 2360, 1560, 6, '', 0),
	(196, 'bamboo 142 in the forest of bamboo', 'the forest of bamboo', 'bamboo', 'destroyable', 2480, 160, 6, '', 0),
	(197, 'bamboo 143 in the forest of bamboo', 'the forest of bamboo', 'bamboo', 'destroyable', 2560, 1120, 6, '', 0),
	(198, 'bamboo 144 in the forest of bamboo', 'the forest of bamboo', 'bamboo', 'destroyable', 3120, 640, 6, '', 0),
	(199, 'bamboo 145 in the forest of bamboo', 'the forest of bamboo', 'bamboo', 'destroyable', 1760, 1040, 6, '', 0),
	(200, 'bamboo 146 in the forest of bamboo', 'the forest of bamboo', 'bamboo', 'destroyable', 2880, 960, 6, '', 0),
	(201, 'bamboo 147 in the forest of bamboo', 'the forest of bamboo', 'bamboo', 'destroyable', 2600, 1200, 6, '', 0),
	(202, 'bamboo 148 in the forest of bamboo', 'the forest of bamboo', 'bamboo', 'destroyable', 3720, 960, 6, '', 0),
	(203, 'bamboo 149 in the forest of bamboo', 'the forest of bamboo', 'bamboo', 'destroyable', 1000, 440, 6, '', 0),
	(204, 'bamboo 150 in the forest of bamboo', 'the forest of bamboo', 'bamboo', 'destroyable', 1600, 1080, 6, '', 0),
	(205, 'bamboo 151 in the forest of bamboo', 'the forest of bamboo', 'bamboo', 'destroyable', 80, 920, 6, '', 0),
	(206, 'bamboo 152 in the forest of bamboo', 'the forest of bamboo', 'bamboo', 'destroyable', 3240, 280, 6, '', 0),
	(207, 'bamboo 153 in the forest of bamboo', 'the forest of bamboo', 'bamboo', 'destroyable', 1040, 1600, 6, '', 0),
	(208, 'bamboo 154 in the forest of bamboo', 'the forest of bamboo', 'bamboo', 'destroyable', 2000, 1400, 6, '', 0),
	(209, 'bamboo 155 in the forest of bamboo', 'the forest of bamboo', 'bamboo', 'destroyable', 2720, 1160, 6, '', 0),
	(210, 'bamboo 156 in the forest of bamboo', 'the forest of bamboo', 'bamboo', 'destroyable', 120, 1080, 6, '', 0),
	(211, 'bamboo 157 in the forest of bamboo', 'the forest of bamboo', 'bamboo', 'destroyable', 400, 1320, 6, '', 0),
	(212, 'bamboo 158 in the forest of bamboo', 'the forest of bamboo', 'bamboo', 'destroyable', 1160, 240, 6, '', 0),
	(213, 'bamboo 159 in the forest of bamboo', 'the forest of bamboo', 'bamboo', 'destroyable', 1880, 640, 6, '', 0),
	(214, 'bamboo 160 in the forest of bamboo', 'the forest of bamboo', 'bamboo', 'destroyable', 3840, 1680, 6, '', 0),
	(215, 'bamboo 161 in the forest of bamboo', 'the forest of bamboo', 'bamboo', 'destroyable', 2360, 560, 6, '', 0),
	(216, 'bamboo 162 in the forest of bamboo', 'the forest of bamboo', 'bamboo', 'destroyable', 2800, 40, 6, '', 0),
	(217, 'bamboo 163 in the forest of bamboo', 'the forest of bamboo', 'bamboo', 'destroyable', 320, 1200, 6, '', 0),
	(218, 'bamboo 164 in the forest of bamboo', 'the forest of bamboo', 'bamboo', 'destroyable', 3480, 1360, 6, '', 0),
	(219, 'bamboo 165 in the forest of bamboo', 'the forest of bamboo', 'bamboo', 'destroyable', 720, 1440, 6, '', 0),
	(220, 'bamboo 166 in the forest of bamboo', 'the forest of bamboo', 'bamboo', 'destroyable', 3560, 840, 6, '', 0),
	(221, 'bamboo 167 in the forest of bamboo', 'the forest of bamboo', 'bamboo', 'destroyable', 200, 400, 6, '', 0),
	(222, 'bamboo 168 in the forest of bamboo', 'the forest of bamboo', 'bamboo', 'destroyable', 1160, 920, 6, '', 0),
	(223, 'bamboo 169 in the forest of bamboo', 'the forest of bamboo', 'bamboo', 'destroyable', 1600, 1920, 6, '', 0),
	(224, 'bamboo 170 in the forest of bamboo', 'the forest of bamboo', 'bamboo', 'destroyable', 3600, 1680, 6, '', 0),
	(225, 'bamboo 171 in the forest of bamboo', 'the forest of bamboo', 'bamboo', 'destroyable', 3640, 1480, 6, '', 0),
	(226, 'bamboo 172 in the forest of bamboo', 'the forest of bamboo', 'bamboo', 'destroyable', 3240, 440, 6, '', 0),
	(227, 'bamboo 173 in the forest of bamboo', 'the forest of bamboo', 'bamboo', 'destroyable', 2080, 80, 6, '', 0),
	(228, 'bamboo 174 in the forest of bamboo', 'the forest of bamboo', 'bamboo', 'destroyable', 1040, 80, 6, '', 0),
	(229, 'bamboo 175 in the forest of bamboo', 'the forest of bamboo', 'bamboo', 'destroyable', 2960, 120, 6, '', 0),
	(230, 'bamboo 176 in the forest of bamboo', 'the forest of bamboo', 'bamboo', 'destroyable', 1600, 1440, 6, '', 0),
	(231, 'bamboo 177 in the forest of bamboo', 'the forest of bamboo', 'bamboo', 'destroyable', 520, 1760, 6, '', 0),
	(232, 'bamboo 178 in the forest of bamboo', 'the forest of bamboo', 'bamboo', 'destroyable', 3520, 640, 6, '', 0),
	(233, 'bamboo 179 in the forest of bamboo', 'the forest of bamboo', 'bamboo', 'destroyable', 800, 440, 6, '', 0),
	(234, 'bamboo 180 in the forest of bamboo', 'the forest of bamboo', 'bamboo', 'destroyable', 3280, 1760, 6, '', 0),
	(235, 'bamboo 181 in the forest of bamboo', 'the forest of bamboo', 'bamboo', 'destroyable', 2360, 120, 6, '', 0),
	(236, 'bamboo 182 in the forest of bamboo', 'the forest of bamboo', 'bamboo', 'destroyable', 3920, 560, 6, '', 0),
	(237, 'bamboo 183 in the forest of bamboo', 'the forest of bamboo', 'bamboo', 'destroyable', 1360, 1080, 6, '', 0),
	(238, 'bamboo 184 in the forest of bamboo', 'the forest of bamboo', 'bamboo', 'destroyable', 1560, 1600, 6, '', 0),
	(239, 'bamboo 185 in the forest of bamboo', 'the forest of bamboo', 'bamboo', 'destroyable', 2160, 1920, 6, '', 0),
	(240, 'bamboo 186 in the forest of bamboo', 'the forest of bamboo', 'bamboo', 'destroyable', 2360, 280, 6, '', 0),
	(241, 'bamboo 187 in the forest of bamboo', 'the forest of bamboo', 'bamboo', 'destroyable', 2600, 1480, 6, '', 0),
	(242, 'bamboo 188 in the forest of bamboo', 'the forest of bamboo', 'bamboo', 'destroyable', 2040, 1560, 6, '', 0),
	(243, 'bamboo 189 in the forest of bamboo', 'the forest of bamboo', 'bamboo', 'destroyable', 3320, 1400, 6, '', 0),
	(244, 'bamboo 190 in the forest of bamboo', 'the forest of bamboo', 'bamboo', 'destroyable', 3520, 160, 6, '', 0),
	(245, 'bamboo 191 in the forest of bamboo', 'the forest of bamboo', 'bamboo', 'destroyable', 1520, 1040, 6, '', 0),
	(246, 'bamboo 192 in the forest of bamboo', 'the forest of bamboo', 'bamboo', 'destroyable', 3120, 840, 6, '', 0),
	(247, 'bamboo 193 in the forest of bamboo', 'the forest of bamboo', 'bamboo', 'destroyable', 2960, 1760, 6, '', 0),
	(248, 'bamboo 194 in the forest of bamboo', 'the forest of bamboo', 'bamboo', 'destroyable', 3760, 1640, 6, '', 0),
	(249, 'bamboo 195 in the forest of bamboo', 'the forest of bamboo', 'bamboo', 'destroyable', 760, 280, 6, '', 0),
	(250, 'bamboo 196 in the forest of bamboo', 'the forest of bamboo', 'bamboo', 'destroyable', 2360, 320, 6, '', 0),
	(251, 'bamboo 197 in the forest of bamboo', 'the forest of bamboo', 'bamboo', 'destroyable', 1600, 680, 6, '', 0),
	(252, 'bamboo 198 in the forest of bamboo', 'the forest of bamboo', 'bamboo', 'destroyable', 440, 760, 6, '', 0),
	(253, 'bamboo 199 in the forest of bamboo', 'the forest of bamboo', 'bamboo', 'destroyable', 3160, 1200, 6, '', 0),
	(254, 'bamboo 200 in the forest of bamboo', 'the forest of bamboo', 'bamboo', 'destroyable', 1560, 1640, 6, '', 0),
	(255, 'bamboo 201 in the forest of bamboo', 'the forest of bamboo', 'bamboo', 'destroyable', 2800, 320, 6, '', 0),
	(256, 'bamboo 202 in the forest of bamboo', 'the forest of bamboo', 'bamboo', 'destroyable', 3200, 1800, 6, '', 0),
	(257, 'bamboo 203 in the forest of bamboo', 'the forest of bamboo', 'bamboo', 'destroyable', 400, 1600, 6, '', 0),
	(258, 'bamboo 204 in the forest of bamboo', 'the forest of bamboo', 'bamboo', 'destroyable', 480, 1560, 6, '', 0),
	(259, 'bamboo 205 in the forest of bamboo', 'the forest of bamboo', 'bamboo', 'destroyable', 1400, 480, 6, '', 0),
	(260, 'bamboo 206 in the forest of bamboo', 'the forest of bamboo', 'bamboo', 'destroyable', 960, 1160, 6, '', 0),
	(261, 'bamboo 207 in the forest of bamboo', 'the forest of bamboo', 'bamboo', 'destroyable', 520, 1880, 6, '', 0),
	(262, 'bamboo 208 in the forest of bamboo', 'the forest of bamboo', 'bamboo', 'destroyable', 2720, 600, 6, '', 0),
	(263, 'bamboo 209 in the forest of bamboo', 'the forest of bamboo', 'bamboo', 'destroyable', 3880, 840, 6, '', 0),
	(264, 'bamboo 210 in the forest of bamboo', 'the forest of bamboo', 'bamboo', 'destroyable', 3080, 1160, 6, '', 0),
	(265, 'bamboo 211 in the forest of bamboo', 'the forest of bamboo', 'bamboo', 'destroyable', 3120, 1760, 6, '', 0),
	(266, 'bamboo 212 in the forest of bamboo', 'the forest of bamboo', 'bamboo', 'destroyable', 1600, 120, 6, '', 0),
	(267, 'bamboo 213 in the forest of bamboo', 'the forest of bamboo', 'bamboo', 'destroyable', 840, 80, 6, '', 0),
	(268, 'bamboo 214 in the forest of bamboo', 'the forest of bamboo', 'bamboo', 'destroyable', 2280, 1920, 6, '', 0),
	(269, 'bamboo 215 in the forest of bamboo', 'the forest of bamboo', 'bamboo', 'destroyable', 1040, 640, 6, '', 0),
	(270, 'bamboo 216 in the forest of bamboo', 'the forest of bamboo', 'bamboo', 'destroyable', 1600, 440, 6, '', 0),
	(271, 'bamboo 217 in the forest of bamboo', 'the forest of bamboo', 'bamboo', 'destroyable', 2440, 1400, 6, '', 0),
	(272, 'bamboo 218 in the forest of bamboo', 'the forest of bamboo', 'bamboo', 'destroyable', 1640, 40, 6, '', 0),
	(273, 'bamboo 219 in the forest of bamboo', 'the forest of bamboo', 'bamboo', 'destroyable', 2800, 1600, 6, '', 0),
	(274, 'bamboo 220 in the forest of bamboo', 'the forest of bamboo', 'bamboo', 'destroyable', 3360, 1040, 6, '', 0),
	(275, 'bamboo 221 in the forest of bamboo', 'the forest of bamboo', 'bamboo', 'destroyable', 2000, 640, 6, '', 0),
	(276, 'bamboo 222 in the forest of bamboo', 'the forest of bamboo', 'bamboo', 'destroyable', 1120, 1760, 6, '', 0),
	(277, 'bamboo 223 in the forest of bamboo', 'the forest of bamboo', 'bamboo', 'destroyable', 880, 160, 6, '', 0),
	(278, 'bamboo 224 in the forest of bamboo', 'the forest of bamboo', 'bamboo', 'destroyable', 3600, 1840, 6, '', 0),
	(279, 'bamboo 225 in the forest of bamboo', 'the forest of bamboo', 'bamboo', 'destroyable', 560, 680, 6, '', 0),
	(280, 'bamboo 226 in the forest of bamboo', 'the forest of bamboo', 'bamboo', 'destroyable', 2440, 1280, 6, '', 0),
	(281, 'bamboo 227 in the forest of bamboo', 'the forest of bamboo', 'bamboo', 'destroyable', 3840, 400, 6, '', 0),
	(282, 'bamboo 228 in the forest of bamboo', 'the forest of bamboo', 'bamboo', 'destroyable', 3720, 1920, 6, '', 0),
	(283, 'bamboo 229 in the forest of bamboo', 'the forest of bamboo', 'bamboo', 'destroyable', 2320, 1800, 6, '', 0),
	(284, 'bamboo 230 in the forest of bamboo', 'the forest of bamboo', 'bamboo', 'destroyable', 1160, 1640, 6, '', 0),
	(285, 'bamboo 231 in the forest of bamboo', 'the forest of bamboo', 'bamboo', 'destroyable', 2720, 760, 6, '', 0),
	(286, 'bamboo 232 in the forest of bamboo', 'the forest of bamboo', 'bamboo', 'destroyable', 1280, 1880, 6, '', 0),
	(287, 'bamboo 233 in the forest of bamboo', 'the forest of bamboo', 'bamboo', 'destroyable', 1400, 1560, 6, '', 0),
	(288, 'bamboo 234 in the forest of bamboo', 'the forest of bamboo', 'bamboo', 'destroyable', 440, 400, 6, '', 0),
	(289, 'bamboo 235 in the forest of bamboo', 'the forest of bamboo', 'bamboo', 'destroyable', 720, 200, 6, '', 0),
	(290, 'bamboo 236 in the forest of bamboo', 'the forest of bamboo', 'bamboo', 'destroyable', 1240, 400, 6, '', 0),
	(291, 'bamboo 237 in the forest of bamboo', 'the forest of bamboo', 'bamboo', 'destroyable', 2160, 320, 6, '', 0),
	(292, 'bamboo 238 in the forest of bamboo', 'the forest of bamboo', 'bamboo', 'destroyable', 320, 1160, 6, '', 0),
	(293, 'bamboo 239 in the forest of bamboo', 'the forest of bamboo', 'bamboo', 'destroyable', 840, 840, 6, '', 0),
	(294, 'bamboo 240 in the forest of bamboo', 'the forest of bamboo', 'bamboo', 'destroyable', 1440, 1400, 6, '', 0),
	(295, 'bamboo 241 in the forest of bamboo', 'the forest of bamboo', 'bamboo', 'destroyable', 2520, 360, 6, '', 0),
	(296, 'bamboo 242 in the forest of bamboo', 'the forest of bamboo', 'bamboo', 'destroyable', 1000, 280, 6, '', 0),
	(297, 'bamboo 243 in the forest of bamboo', 'the forest of bamboo', 'bamboo', 'destroyable', 1200, 1720, 6, '', 0),
	(298, 'bamboo 244 in the forest of bamboo', 'the forest of bamboo', 'bamboo', 'destroyable', 1920, 1720, 6, '', 0),
	(299, 'bamboo 245 in the forest of bamboo', 'the forest of bamboo', 'bamboo', 'destroyable', 1880, 1560, 6, '', 0),
	(300, 'bamboo 246 in the forest of bamboo', 'the forest of bamboo', 'bamboo', 'destroyable', 2640, 280, 6, '', 0),
	(301, 'bamboo 247 in the forest of bamboo', 'the forest of bamboo', 'bamboo', 'destroyable', 480, 1280, 6, '', 0),
	(302, 'bamboo 248 in the forest of bamboo', 'the forest of bamboo', 'bamboo', 'destroyable', 3600, 1080, 6, '', 0),
	(303, 'bamboo 249 in the forest of bamboo', 'the forest of bamboo', 'bamboo', 'destroyable', 3440, 1920, 6, '', 0),
	(304, 'bamboo 250 in the forest of bamboo', 'the forest of bamboo', 'bamboo', 'destroyable', 760, 1000, 6, '', 0),
	(305, 'bamboo 251 in the forest of bamboo', 'the forest of bamboo', 'bamboo', 'destroyable', 3600, 1120, 6, '', 0),
	(306, 'bamboo 252 in the forest of bamboo', 'the forest of bamboo', 'bamboo', 'destroyable', 1120, 1240, 6, '', 0),
	(307, 'bamboo 253 in the forest of bamboo', 'the forest of bamboo', 'bamboo', 'destroyable', 2480, 1840, 6, '', 0),
	(308, 'bamboo 254 in the forest of bamboo', 'the forest of bamboo', 'bamboo', 'destroyable', 2760, 680, 6, '', 0),
	(309, 'bamboo 255 in the forest of bamboo', 'the forest of bamboo', 'bamboo', 'destroyable', 3240, 1600, 6, '', 0),
	(310, 'bamboo 256 in the forest of bamboo', 'the forest of bamboo', 'bamboo', 'destroyable', 2160, 1560, 6, '', 0),
	(311, 'bamboo 257 in the forest of bamboo', 'the forest of bamboo', 'bamboo', 'destroyable', 680, 720, 6, '', 0),
	(312, 'bamboo 258 in the forest of bamboo', 'the forest of bamboo', 'bamboo', 'destroyable', 640, 1240, 6, '', 0),
	(313, 'bamboo 259 in the forest of bamboo', 'the forest of bamboo', 'bamboo', 'destroyable', 2000, 840, 6, '', 0),
	(314, 'bamboo 260 in the forest of bamboo', 'the forest of bamboo', 'bamboo', 'destroyable', 2120, 960, 6, '', 0),
	(315, 'bamboo 261 in the forest of bamboo', 'the forest of bamboo', 'bamboo', 'destroyable', 3360, 1600, 6, '', 0),
	(316, 'bamboo 262 in the forest of bamboo', 'the forest of bamboo', 'bamboo', 'destroyable', 3800, 1000, 6, '', 0),
	(317, 'bamboo 263 in the forest of bamboo', 'the forest of bamboo', 'bamboo', 'destroyable', 2960, 720, 6, '', 0),
	(318, 'bamboo 264 in the forest of bamboo', 'the forest of bamboo', 'bamboo', 'destroyable', 3320, 320, 6, '', 0),
	(319, 'bamboo 265 in the forest of bamboo', 'the forest of bamboo', 'bamboo', 'destroyable', 3320, 1240, 6, '', 0),
	(320, 'bamboo 266 in the forest of bamboo', 'the forest of bamboo', 'bamboo', 'destroyable', 760, 680, 6, '', 0),
	(321, 'bamboo 267 in the forest of bamboo', 'the forest of bamboo', 'bamboo', 'destroyable', 2760, 240, 6, '', 0),
	(322, 'bamboo 268 in the forest of bamboo', 'the forest of bamboo', 'bamboo', 'destroyable', 2840, 520, 6, '', 0),
	(323, 'bamboo 269 in the forest of bamboo', 'the forest of bamboo', 'bamboo', 'destroyable', 200, 760, 6, '', 0),
	(324, 'bamboo 270 in the forest of bamboo', 'the forest of bamboo', 'bamboo', 'destroyable', 3920, 720, 6, '', 0),
	(325, 'bamboo 271 in the forest of bamboo', 'the forest of bamboo', 'bamboo', 'destroyable', 120, 560, 6, '', 0),
	(326, 'bamboo 272 in the forest of bamboo', 'the forest of bamboo', 'bamboo', 'destroyable', 2480, 360, 6, '', 0),
	(327, 'bamboo 273 in the forest of bamboo', 'the forest of bamboo', 'bamboo', 'destroyable', 3400, 200, 6, '', 0),
	(328, 'bamboo 274 in the forest of bamboo', 'the forest of bamboo', 'bamboo', 'destroyable', 3040, 1000, 6, '', 0),
	(329, 'bamboo 275 in the forest of bamboo', 'the forest of bamboo', 'bamboo', 'destroyable', 2360, 440, 6, '', 0),
	(330, 'bamboo 276 in the forest of bamboo', 'the forest of bamboo', 'bamboo', 'destroyable', 3000, 1320, 6, '', 0),
	(331, 'bamboo 277 in the forest of bamboo', 'the forest of bamboo', 'bamboo', 'destroyable', 3640, 600, 6, '', 0),
	(332, 'bamboo 278 in the forest of bamboo', 'the forest of bamboo', 'bamboo', 'destroyable', 1720, 1040, 6, '', 0),
	(333, 'bamboo 279 in the forest of bamboo', 'the forest of bamboo', 'bamboo', 'destroyable', 1280, 960, 6, '', 0),
	(334, 'bamboo 280 in the forest of bamboo', 'the forest of bamboo', 'bamboo', 'destroyable', 1800, 360, 6, '', 0),
	(335, 'bamboo 281 in the forest of bamboo', 'the forest of bamboo', 'bamboo', 'destroyable', 1360, 840, 6, '', 0),
	(336, 'bamboo 282 in the forest of bamboo', 'the forest of bamboo', 'bamboo', 'destroyable', 720, 1880, 6, '', 0),
	(337, 'bamboo 283 in the forest of bamboo', 'the forest of bamboo', 'bamboo', 'destroyable', 40, 1040, 6, '', 0),
	(338, 'bamboo 284 in the forest of bamboo', 'the forest of bamboo', 'bamboo', 'destroyable', 1240, 40, 6, '', 0),
	(339, 'bamboo 285 in the forest of bamboo', 'the forest of bamboo', 'bamboo', 'destroyable', 3080, 1880, 6, '', 0),
	(340, 'bamboo 286 in the forest of bamboo', 'the forest of bamboo', 'bamboo', 'destroyable', 2560, 1280, 6, '', 0),
	(341, 'bamboo 287 in the forest of bamboo', 'the forest of bamboo', 'bamboo', 'destroyable', 1600, 1320, 6, '', 0),
	(342, 'bamboo 288 in the forest of bamboo', 'the forest of bamboo', 'bamboo', 'destroyable', 680, 520, 6, '', 0),
	(343, 'bamboo 289 in the forest of bamboo', 'the forest of bamboo', 'bamboo', 'destroyable', 2000, 120, 6, '', 0),
	(344, 'bamboo 290 in the forest of bamboo', 'the forest of bamboo', 'bamboo', 'destroyable', 1320, 1080, 6, '', 0),
	(345, 'bamboo 291 in the forest of bamboo', 'the forest of bamboo', 'bamboo', 'destroyable', 600, 200, 6, '', 0),
	(346, 'bamboo 292 in the forest of bamboo', 'the forest of bamboo', 'bamboo', 'destroyable', 2200, 1360, 6, '', 0),
	(347, 'bamboo 293 in the forest of bamboo', 'the forest of bamboo', 'bamboo', 'destroyable', 3800, 120, 6, '', 0),
	(348, 'bamboo 294 in the forest of bamboo', 'the forest of bamboo', 'bamboo', 'destroyable', 1040, 1440, 6, '', 0),
	(349, 'bamboo 295 in the forest of bamboo', 'the forest of bamboo', 'bamboo', 'destroyable', 680, 1320, 6, '', 0),
	(350, 'bamboo 296 in the forest of bamboo', 'the forest of bamboo', 'bamboo', 'destroyable', 920, 480, 6, '', 0),
	(351, 'bamboo 297 in the forest of bamboo', 'the forest of bamboo', 'bamboo', 'destroyable', 3320, 720, 6, '', 0),
	(352, 'bamboo 298 in the forest of bamboo', 'the forest of bamboo', 'bamboo', 'destroyable', 560, 520, 6, '', 0),
	(353, 'bamboo 299 in the forest of bamboo', 'the forest of bamboo', 'bamboo', 'destroyable', 1200, 1080, 6, '', 0),
	(354, 'bamboo 300 in the forest of bamboo', 'the forest of bamboo', 'bamboo', 'destroyable', 1920, 1080, 6, '', 0),
	(355, 'bamboo 301 in the forest of bamboo', 'the forest of bamboo', 'bamboo', 'destroyable', 2720, 1760, 6, '', 0),
	(356, 'bamboo 302 in the forest of bamboo', 'the forest of bamboo', 'bamboo', 'destroyable', 3080, 200, 6, '', 0),
	(357, 'bamboo 303 in the forest of bamboo', 'the forest of bamboo', 'bamboo', 'destroyable', 1760, 40, 6, '', 0),
	(358, 'bamboo 304 in the forest of bamboo', 'the forest of bamboo', 'bamboo', 'destroyable', 1240, 720, 6, '', 0),
	(359, 'bamboo 305 in the forest of bamboo', 'the forest of bamboo', 'bamboo', 'destroyable', 3440, 880, 6, '', 0),
	(360, 'bamboo 306 in the forest of bamboo', 'the forest of bamboo', 'bamboo', 'destroyable', 1080, 880, 6, '', 0),
	(361, 'bamboo 307 in the forest of bamboo', 'the forest of bamboo', 'bamboo', 'destroyable', 760, 1720, 6, '', 0),
	(362, 'bamboo 308 in the forest of bamboo', 'the forest of bamboo', 'bamboo', 'destroyable', 2080, 680, 6, '', 0),
	(363, 'bamboo 309 in the forest of bamboo', 'the forest of bamboo', 'bamboo', 'destroyable', 160, 1920, 6, '', 0),
	(364, 'bamboo 310 in the forest of bamboo', 'the forest of bamboo', 'bamboo', 'destroyable', 3360, 80, 6, '', 0),
	(365, 'bamboo 311 in the forest of bamboo', 'the forest of bamboo', 'bamboo', 'destroyable', 2240, 80, 6, '', 0),
	(366, 'bamboo 312 in the forest of bamboo', 'the forest of bamboo', 'bamboo', 'destroyable', 3880, 720, 6, '', 0),
	(367, 'bamboo 313 in the forest of bamboo', 'the forest of bamboo', 'bamboo', 'destroyable', 1600, 1200, 6, '', 0),
	(368, 'bamboo 314 in the forest of bamboo', 'the forest of bamboo', 'bamboo', 'destroyable', 3160, 1000, 6, '', 0),
	(369, 'bamboo 315 in the forest of bamboo', 'the forest of bamboo', 'bamboo', 'destroyable', 2400, 1400, 6, '', 0),
	(370, 'bamboo 316 in the forest of bamboo', 'the forest of bamboo', 'bamboo', 'destroyable', 2960, 520, 6, '', 0),
	(371, 'bamboo 317 in the forest of bamboo', 'the forest of bamboo', 'bamboo', 'destroyable', 1720, 600, 6, '', 0),
	(372, 'bamboo 318 in the forest of bamboo', 'the forest of bamboo', 'bamboo', 'destroyable', 1720, 1160, 6, '', 0),
	(373, 'bamboo 319 in the forest of bamboo', 'the forest of bamboo', 'bamboo', 'destroyable', 3040, 1640, 6, '', 0),
	(374, 'bamboo 320 in the forest of bamboo', 'the forest of bamboo', 'bamboo', 'destroyable', 360, 1840, 6, '', 0),
	(375, 'bamboo 321 in the forest of bamboo', 'the forest of bamboo', 'bamboo', 'destroyable', 2760, 400, 6, '', 0),
	(376, 'bamboo 322 in the forest of bamboo', 'the forest of bamboo', 'bamboo', 'destroyable', 880, 200, 6, '', 0),
	(377, 'bamboo 323 in the forest of bamboo', 'the forest of bamboo', 'bamboo', 'destroyable', 3000, 1520, 6, '', 0),
	(378, 'bamboo 324 in the forest of bamboo', 'the forest of bamboo', 'bamboo', 'destroyable', 2240, 1080, 6, '', 0),
	(379, 'bamboo 325 in the forest of bamboo', 'the forest of bamboo', 'bamboo', 'destroyable', 2120, 1920, 6, '', 0),
	(380, 'bamboo 326 in the forest of bamboo', 'the forest of bamboo', 'bamboo', 'destroyable', 520, 960, 6, '', 0),
	(381, 'bamboo 327 in the forest of bamboo', 'the forest of bamboo', 'bamboo', 'destroyable', 2520, 1000, 6, '', 0),
	(382, 'bamboo 328 in the forest of bamboo', 'the forest of bamboo', 'bamboo', 'destroyable', 2840, 1320, 6, '', 0),
	(383, 'bamboo 329 in the forest of bamboo', 'the forest of bamboo', 'bamboo', 'destroyable', 2040, 1160, 6, '', 0),
	(384, 'bamboo 330 in the forest of bamboo', 'the forest of bamboo', 'bamboo', 'destroyable', 3200, 1320, 6, '', 0),
	(385, 'bamboo 331 in the forest of bamboo', 'the forest of bamboo', 'bamboo', 'destroyable', 1480, 720, 6, '', 0),
	(386, 'bamboo 332 in the forest of bamboo', 'the forest of bamboo', 'bamboo', 'destroyable', 3040, 320, 6, '', 0),
	(387, 'bamboo 333 in the forest of bamboo', 'the forest of bamboo', 'bamboo', 'destroyable', 240, 1640, 6, '', 0),
	(388, 'bamboo 334 in the forest of bamboo', 'the forest of bamboo', 'bamboo', 'destroyable', 2280, 1880, 6, '', 0),
	(389, 'bamboo 335 in the forest of bamboo', 'the forest of bamboo', 'bamboo', 'destroyable', 2760, 1600, 6, '', 0),
	(390, 'bamboo 336 in the forest of bamboo', 'the forest of bamboo', 'bamboo', 'destroyable', 3320, 160, 6, '', 0),
	(391, 'bamboo 337 in the forest of bamboo', 'the forest of bamboo', 'bamboo', 'destroyable', 1400, 1800, 6, '', 0),
	(392, 'bamboo 338 in the forest of bamboo', 'the forest of bamboo', 'bamboo', 'destroyable', 440, 1120, 6, '', 0),
	(393, 'bamboo 339 in the forest of bamboo', 'the forest of bamboo', 'bamboo', 'destroyable', 1400, 40, 6, '', 0),
	(394, 'bamboo 340 in the forest of bamboo', 'the forest of bamboo', 'bamboo', 'destroyable', 840, 1920, 6, '', 0),
	(395, 'bamboo 341 in the forest of bamboo', 'the forest of bamboo', 'bamboo', 'destroyable', 3320, 960, 6, '', 0),
	(396, 'bamboo 342 in the forest of bamboo', 'the forest of bamboo', 'bamboo', 'destroyable', 1000, 1920, 6, '', 0),
	(397, 'bamboo 343 in the forest of bamboo', 'the forest of bamboo', 'bamboo', 'destroyable', 1960, 1720, 6, '', 0),
	(398, 'bamboo 344 in the forest of bamboo', 'the forest of bamboo', 'bamboo', 'destroyable', 1680, 1640, 6, '', 0),
	(399, 'bamboo 345 in the forest of bamboo', 'the forest of bamboo', 'bamboo', 'destroyable', 120, 120, 6, '', 0),
	(400, 'bamboo 346 in the forest of bamboo', 'the forest of bamboo', 'bamboo', 'destroyable', 320, 40, 6, '', 0),
	(401, 'bamboo 347 in the forest of bamboo', 'the forest of bamboo', 'bamboo', 'destroyable', 1120, 1480, 6, '', 0),
	(402, 'bamboo 348 in the forest of bamboo', 'the forest of bamboo', 'bamboo', 'destroyable', 560, 480, 6, '', 0),
	(403, 'bamboo 349 in the forest of bamboo', 'the forest of bamboo', 'bamboo', 'destroyable', 1720, 1320, 6, '', 0),
	(404, 'bamboo 350 in the forest of bamboo', 'the forest of bamboo', 'bamboo', 'destroyable', 3480, 1000, 6, '', 0),
	(405, 'bamboo 351 in the forest of bamboo', 'the forest of bamboo', 'bamboo', 'destroyable', 2520, 40, 6, '', 0),
	(406, 'bamboo 352 in the forest of bamboo', 'the forest of bamboo', 'bamboo', 'destroyable', 640, 1760, 6, '', 0),
	(407, 'bamboo 353 in the forest of bamboo', 'the forest of bamboo', 'bamboo', 'destroyable', 3680, 720, 6, '', 0),
	(408, 'bamboo 354 in the forest of bamboo', 'the forest of bamboo', 'bamboo', 'destroyable', 1960, 120, 6, '', 0),
	(409, 'bamboo 355 in the forest of bamboo', 'the forest of bamboo', 'bamboo', 'destroyable', 80, 800, 6, '', 0),
	(410, 'bamboo 356 in the forest of bamboo', 'the forest of bamboo', 'bamboo', 'destroyable', 920, 1080, 6, '', 0),
	(411, 'bamboo 357 in the forest of bamboo', 'the forest of bamboo', 'bamboo', 'destroyable', 2880, 1200, 6, '', 0),
	(412, 'bamboo 358 in the forest of bamboo', 'the forest of bamboo', 'bamboo', 'destroyable', 2320, 1240, 6, '', 0),
	(413, 'bamboo 359 in the forest of bamboo', 'the forest of bamboo', 'bamboo', 'destroyable', 680, 80, 6, '', 0),
	(414, 'bamboo 360 in the forest of bamboo', 'the forest of bamboo', 'bamboo', 'destroyable', 760, 1040, 6, '', 0),
	(415, 'bamboo 361 in the forest of bamboo', 'the forest of bamboo', 'bamboo', 'destroyable', 3880, 1120, 6, '', 0),
	(416, 'bamboo 362 in the forest of bamboo', 'the forest of bamboo', 'bamboo', 'destroyable', 440, 360, 6, '', 0),
	(417, 'bamboo 363 in the forest of bamboo', 'the forest of bamboo', 'bamboo', 'destroyable', 3200, 360, 6, '', 0),
	(418, 'bamboo 364 in the forest of bamboo', 'the forest of bamboo', 'bamboo', 'destroyable', 1280, 1400, 6, '', 0),
	(419, 'bamboo 365 in the forest of bamboo', 'the forest of bamboo', 'bamboo', 'destroyable', 760, 560, 6, '', 0),
	(420, 'bamboo 366 in the forest of bamboo', 'the forest of bamboo', 'bamboo', 'destroyable', 240, 1800, 6, '', 0),
	(421, 'bamboo 367 in the forest of bamboo', 'the forest of bamboo', 'bamboo', 'destroyable', 3120, 1280, 6, '', 0),
	(422, 'bamboo 368 in the forest of bamboo', 'the forest of bamboo', 'bamboo', 'destroyable', 3080, 1920, 6, '', 0),
	(423, 'bamboo 369 in the forest of bamboo', 'the forest of bamboo', 'bamboo', 'destroyable', 3640, 1200, 6, '', 0),
	(424, 'bamboo 370 in the forest of bamboo', 'the forest of bamboo', 'bamboo', 'destroyable', 2840, 1840, 6, '', 0),
	(425, 'bamboo 371 in the forest of bamboo', 'the forest of bamboo', 'bamboo', 'destroyable', 3160, 40, 6, '', 0),
	(426, 'bamboo 372 in the forest of bamboo', 'the forest of bamboo', 'bamboo', 'destroyable', 680, 40, 6, '', 0),
	(427, 'bamboo 373 in the forest of bamboo', 'the forest of bamboo', 'bamboo', 'destroyable', 2640, 400, 6, '', 0),
	(428, 'bamboo 374 in the forest of bamboo', 'the forest of bamboo', 'bamboo', 'destroyable', 3480, 1040, 6, '', 0),
	(429, 'bamboo 375 in the forest of bamboo', 'the forest of bamboo', 'bamboo', 'destroyable', 440, 1080, 6, '', 0),
	(430, 'bamboo 376 in the forest of bamboo', 'the forest of bamboo', 'bamboo', 'destroyable', 1800, 1680, 6, '', 0),
	(431, 'bamboo 377 in the forest of bamboo', 'the forest of bamboo', 'bamboo', 'destroyable', 3600, 1560, 6, '', 0),
	(432, 'bamboo 378 in the forest of bamboo', 'the forest of bamboo', 'bamboo', 'destroyable', 2840, 200, 6, '', 0),
	(433, 'bamboo 379 in the forest of bamboo', 'the forest of bamboo', 'bamboo', 'destroyable', 2160, 1240, 6, '', 0),
	(434, 'bamboo 380 in the forest of bamboo', 'the forest of bamboo', 'bamboo', 'destroyable', 2880, 1440, 6, '', 0),
	(435, 'bamboo 381 in the forest of bamboo', 'the forest of bamboo', 'bamboo', 'destroyable', 2280, 1720, 6, '', 0),
	(436, 'bamboo 382 in the forest of bamboo', 'the forest of bamboo', 'bamboo', 'destroyable', 3160, 480, 6, '', 0),
	(437, 'bamboo 383 in the forest of bamboo', 'the forest of bamboo', 'bamboo', 'destroyable', 2960, 760, 6, '', 0),
	(438, 'bamboo 384 in the forest of bamboo', 'the forest of bamboo', 'bamboo', 'destroyable', 1200, 1440, 6, '', 0),
	(439, 'bamboo 385 in the forest of bamboo', 'the forest of bamboo', 'bamboo', 'destroyable', 2640, 720, 6, '', 0),
	(440, 'bamboo 386 in the forest of bamboo', 'the forest of bamboo', 'bamboo', 'destroyable', 3720, 240, 6, '', 0),
	(441, 'bamboo 387 in the forest of bamboo', 'the forest of bamboo', 'bamboo', 'destroyable', 3800, 1560, 6, '', 0),
	(442, 'bamboo 388 in the forest of bamboo', 'the forest of bamboo', 'bamboo', 'destroyable', 2480, 720, 6, '', 0),
	(443, 'bamboo 389 in the forest of bamboo', 'the forest of bamboo', 'bamboo', 'destroyable', 320, 920, 6, '', 0),
	(444, 'bamboo 390 in the forest of bamboo', 'the forest of bamboo', 'bamboo', 'destroyable', 2640, 1600, 6, '', 0),
	(445, 'bamboo 391 in the forest of bamboo', 'the forest of bamboo', 'bamboo', 'destroyable', 1040, 1040, 6, '', 0),
	(446, 'bamboo 392 in the forest of bamboo', 'the forest of bamboo', 'bamboo', 'destroyable', 1080, 760, 6, '', 0),
	(447, 'bamboo 393 in the forest of bamboo', 'the forest of bamboo', 'bamboo', 'destroyable', 920, 640, 6, '', 0),
	(448, 'bamboo 394 in the forest of bamboo', 'the forest of bamboo', 'bamboo', 'destroyable', 1920, 240, 6, '', 0),
	(449, 'bamboo 395 in the forest of bamboo', 'the forest of bamboo', 'bamboo', 'destroyable', 3920, 1920, 6, '', 0),
	(450, 'bamboo 396 in the forest of bamboo', 'the forest of bamboo', 'bamboo', 'destroyable', 3640, 360, 6, '', 0),
	(451, 'bamboo 397 in the forest of bamboo', 'the forest of bamboo', 'bamboo', 'destroyable', 680, 1880, 6, '', 0),
	(452, 'bamboo 398 in the forest of bamboo', 'the forest of bamboo', 'bamboo', 'destroyable', 920, 600, 6, '', 0),
	(453, 'bamboo 399 in the forest of bamboo', 'the forest of bamboo', 'bamboo', 'destroyable', 240, 1320, 6, '', 0),
	(454, 'bamboo 400 in the forest of bamboo', 'the forest of bamboo', 'bamboo', 'destroyable', 1840, 1400, 6, '', 0),
	(455, 'bamboo 401 in the forest of bamboo', 'the forest of bamboo', 'bamboo', 'destroyable', 3360, 840, 6, '', 0),
	(456, 'bamboo 402 in the forest of bamboo', 'the forest of bamboo', 'bamboo', 'destroyable', 3200, 680, 6, '', 0),
	(457, 'bamboo 403 in the forest of bamboo', 'the forest of bamboo', 'bamboo', 'destroyable', 1760, 720, 6, '', 0),
	(458, 'bamboo 404 in the forest of bamboo', 'the forest of bamboo', 'bamboo', 'destroyable', 200, 520, 6, '', 0),
	(459, 'bamboo 405 in the forest of bamboo', 'the forest of bamboo', 'bamboo', 'destroyable', 520, 1640, 6, '', 0),
	(460, 'bamboo 406 in the forest of bamboo', 'the forest of bamboo', 'bamboo', 'destroyable', 3720, 1320, 6, '', 0),
	(461, 'bamboo 407 in the forest of bamboo', 'the forest of bamboo', 'bamboo', 'destroyable', 600, 680, 6, '', 0),
	(462, 'bamboo 408 in the forest of bamboo', 'the forest of bamboo', 'bamboo', 'destroyable', 520, 80, 6, '', 0),
	(463, 'bamboo 409 in the forest of bamboo', 'the forest of bamboo', 'bamboo', 'destroyable', 1240, 360, 6, '', 0),
	(464, 'bamboo 410 in the forest of bamboo', 'the forest of bamboo', 'bamboo', 'destroyable', 400, 240, 6, '', 0),
	(465, 'bamboo 411 in the forest of bamboo', 'the forest of bamboo', 'bamboo', 'destroyable', 1240, 760, 6, '', 0),
	(466, 'bamboo 412 in the forest of bamboo', 'the forest of bamboo', 'bamboo', 'destroyable', 960, 760, 6, '', 0),
	(467, 'bamboo 413 in the forest of bamboo', 'the forest of bamboo', 'bamboo', 'destroyable', 2760, 40, 6, '', 0),
	(468, 'bamboo 414 in the forest of bamboo', 'the forest of bamboo', 'bamboo', 'destroyable', 1640, 280, 6, '', 0),
	(469, 'bamboo 415 in the forest of bamboo', 'the forest of bamboo', 'bamboo', 'destroyable', 2680, 1000, 6, '', 0),
	(470, 'bamboo 416 in the forest of bamboo', 'the forest of bamboo', 'bamboo', 'destroyable', 3000, 1640, 6, '', 0),
	(471, 'bamboo 417 in the forest of bamboo', 'the forest of bamboo', 'bamboo', 'destroyable', 3360, 1560, 6, '', 0),
	(472, 'bamboo 418 in the forest of bamboo', 'the forest of bamboo', 'bamboo', 'destroyable', 2920, 840, 6, '', 0),
	(473, 'bamboo 419 in the forest of bamboo', 'the forest of bamboo', 'bamboo', 'destroyable', 1760, 440, 6, '', 0),
	(474, 'bamboo 420 in the forest of bamboo', 'the forest of bamboo', 'bamboo', 'destroyable', 440, 720, 6, '', 0),
	(475, 'bamboo 421 in the forest of bamboo', 'the forest of bamboo', 'bamboo', 'destroyable', 40, 1920, 6, '', 0),
	(476, 'bamboo 422 in the forest of bamboo', 'the forest of bamboo', 'bamboo', 'destroyable', 840, 320, 6, '', 0),
	(477, 'bamboo 423 in the forest of bamboo', 'the forest of bamboo', 'bamboo', 'destroyable', 2200, 200, 6, '', 0),
	(478, 'bamboo 424 in the forest of bamboo', 'the forest of bamboo', 'bamboo', 'destroyable', 1120, 520, 6, '', 0),
	(479, 'bamboo 425 in the forest of bamboo', 'the forest of bamboo', 'bamboo', 'destroyable', 360, 1320, 6, '', 0),
	(480, 'bamboo 426 in the forest of bamboo', 'the forest of bamboo', 'bamboo', 'destroyable', 1320, 1280, 6, '', 0),
	(481, 'bamboo 427 in the forest of bamboo', 'the forest of bamboo', 'bamboo', 'destroyable', 2640, 1000, 6, '', 0),
	(482, 'bamboo 428 in the forest of bamboo', 'the forest of bamboo', 'bamboo', 'destroyable', 3400, 600, 6, '', 0),
	(483, 'bamboo 429 in the forest of bamboo', 'the forest of bamboo', 'bamboo', 'destroyable', 40, 800, 6, '', 0),
	(484, 'bamboo 430 in the forest of bamboo', 'the forest of bamboo', 'bamboo', 'destroyable', 2440, 1240, 6, '', 0),
	(485, 'bamboo 431 in the forest of bamboo', 'the forest of bamboo', 'bamboo', 'destroyable', 1000, 320, 6, '', 0),
	(486, 'bamboo 432 in the forest of bamboo', 'the forest of bamboo', 'bamboo', 'destroyable', 680, 880, 6, '', 0),
	(487, 'bamboo 433 in the forest of bamboo', 'the forest of bamboo', 'bamboo', 'destroyable', 1040, 1640, 6, '', 0),
	(488, 'bamboo 434 in the forest of bamboo', 'the forest of bamboo', 'bamboo', 'destroyable', 3120, 1480, 6, '', 0),
	(489, 'bamboo 435 in the forest of bamboo', 'the forest of bamboo', 'bamboo', 'destroyable', 3200, 1600, 6, '', 0),
	(490, 'bamboo 436 in the forest of bamboo', 'the forest of bamboo', 'bamboo', 'destroyable', 2600, 1720, 6, '', 0),
	(491, 'bamboo 437 in the forest of bamboo', 'the forest of bamboo', 'bamboo', 'destroyable', 3760, 680, 6, '', 0),
	(492, 'bamboo 438 in the forest of bamboo', 'the forest of bamboo', 'bamboo', 'destroyable', 1440, 600, 6, '', 0),
	(493, 'bamboo 439 in the forest of bamboo', 'the forest of bamboo', 'bamboo', 'destroyable', 3360, 1400, 6, '', 0),
	(494, 'bamboo 440 in the forest of bamboo', 'the forest of bamboo', 'bamboo', 'destroyable', 440, 1440, 6, '', 0),
	(495, 'bamboo 441 in the forest of bamboo', 'the forest of bamboo', 'bamboo', 'destroyable', 1120, 1920, 6, '', 0),
	(496, 'bamboo 442 in the forest of bamboo', 'the forest of bamboo', 'bamboo', 'destroyable', 3920, 960, 6, '', 0),
	(497, 'bamboo 443 in the forest of bamboo', 'the forest of bamboo', 'bamboo', 'destroyable', 360, 920, 6, '', 0),
	(498, 'bamboo 444 in the forest of bamboo', 'the forest of bamboo', 'bamboo', 'destroyable', 1560, 560, 6, '', 0),
	(499, 'bamboo 445 in the forest of bamboo', 'the forest of bamboo', 'bamboo', 'destroyable', 1440, 40, 6, '', 0),
	(500, 'bamboo 446 in the forest of bamboo', 'the forest of bamboo', 'bamboo', 'destroyable', 2400, 1120, 6, '', 0),
	(501, 'bamboo 447 in the forest of bamboo', 'the forest of bamboo', 'bamboo', 'destroyable', 2280, 840, 6, '', 0),
	(502, 'bamboo 448 in the forest of bamboo', 'the forest of bamboo', 'bamboo', 'destroyable', 360, 1880, 6, '', 0),
	(503, 'bamboo 449 in the forest of bamboo', 'the forest of bamboo', 'bamboo', 'destroyable', 1360, 480, 6, '', 0),
	(504, 'bamboo 450 in the forest of bamboo', 'the forest of bamboo', 'bamboo', 'destroyable', 320, 1040, 6, '', 0),
	(505, 'bamboo 451 in the forest of bamboo', 'the forest of bamboo', 'bamboo', 'destroyable', 840, 1280, 6, '', 0),
	(506, 'bamboo 452 in the forest of bamboo', 'the forest of bamboo', 'bamboo', 'destroyable', 3800, 560, 6, '', 0),
	(507, 'bamboo 453 in the forest of bamboo', 'the forest of bamboo', 'bamboo', 'destroyable', 3000, 40, 6, '', 0),
	(508, 'bamboo 454 in the forest of bamboo', 'the forest of bamboo', 'bamboo', 'destroyable', 2080, 1760, 6, '', 0),
	(509, 'bamboo 455 in the forest of bamboo', 'the forest of bamboo', 'bamboo', 'destroyable', 1920, 1880, 6, '', 0),
	(510, 'bamboo 456 in the forest of bamboo', 'the forest of bamboo', 'bamboo', 'destroyable', 960, 1920, 6, '', 0),
	(511, 'bamboo 457 in the forest of bamboo', 'the forest of bamboo', 'bamboo', 'destroyable', 640, 320, 6, '', 0),
	(512, 'bamboo 458 in the forest of bamboo', 'the forest of bamboo', 'bamboo', 'destroyable', 1760, 1680, 6, '', 0),
	(513, 'bamboo 459 in the forest of bamboo', 'the forest of bamboo', 'bamboo', 'destroyable', 2240, 360, 6, '', 0),
	(514, 'bamboo 460 in the forest of bamboo', 'the forest of bamboo', 'bamboo', 'destroyable', 40, 1400, 6, '', 0),
	(515, 'bamboo 461 in the forest of bamboo', 'the forest of bamboo', 'bamboo', 'destroyable', 3760, 1240, 6, '', 0),
	(516, 'bamboo 462 in the forest of bamboo', 'the forest of bamboo', 'bamboo', 'destroyable', 840, 1320, 6, '', 0),
	(517, 'bamboo 463 in the forest of bamboo', 'the forest of bamboo', 'bamboo', 'destroyable', 1280, 1600, 6, '', 0),
	(518, 'bamboo 464 in the forest of bamboo', 'the forest of bamboo', 'bamboo', 'destroyable', 2440, 1720, 6, '', 0),
	(519, 'bamboo 465 in the forest of bamboo', 'the forest of bamboo', 'bamboo', 'destroyable', 80, 960, 6, '', 0),
	(520, 'bamboo 466 in the forest of bamboo', 'the forest of bamboo', 'bamboo', 'destroyable', 3880, 1600, 6, '', 0),
	(521, 'bamboo 467 in the forest of bamboo', 'the forest of bamboo', 'bamboo', 'destroyable', 440, 40, 6, '', 0),
	(522, 'bamboo 468 in the forest of bamboo', 'the forest of bamboo', 'bamboo', 'destroyable', 2480, 1160, 6, '', 0),
	(523, 'bamboo 469 in the forest of bamboo', 'the forest of bamboo', 'bamboo', 'destroyable', 1320, 600, 6, '', 0),
	(524, 'bamboo 470 in the forest of bamboo', 'the forest of bamboo', 'bamboo', 'destroyable', 1400, 280, 6, '', 0),
	(525, 'bamboo 471 in the forest of bamboo', 'the forest of bamboo', 'bamboo', 'destroyable', 2960, 1800, 6, '', 0),
	(526, 'bamboo 472 in the forest of bamboo', 'the forest of bamboo', 'bamboo', 'destroyable', 1000, 1520, 6, '', 0),
	(527, 'bamboo 473 in the forest of bamboo', 'the forest of bamboo', 'bamboo', 'destroyable', 3480, 800, 6, '', 0),
	(528, 'bamboo 474 in the forest of bamboo', 'the forest of bamboo', 'bamboo', 'destroyable', 240, 1520, 6, '', 0),
	(529, 'bamboo 475 in the forest of bamboo', 'the forest of bamboo', 'bamboo', 'destroyable', 3480, 360, 6, '', 0),
	(530, 'bamboo 476 in the forest of bamboo', 'the forest of bamboo', 'bamboo', 'destroyable', 3400, 1200, 6, '', 0),
	(531, 'bamboo 477 in the forest of bamboo', 'the forest of bamboo', 'bamboo', 'destroyable', 3720, 400, 6, '', 0),
	(532, 'bamboo 478 in the forest of bamboo', 'the forest of bamboo', 'bamboo', 'destroyable', 40, 1200, 6, '', 0),
	(533, 'bamboo 479 in the forest of bamboo', 'the forest of bamboo', 'bamboo', 'destroyable', 3040, 1240, 6, '', 0),
	(534, 'bamboo 480 in the forest of bamboo', 'the forest of bamboo', 'bamboo', 'destroyable', 1840, 560, 6, '', 0),
	(535, 'bamboo 481 in the forest of bamboo', 'the forest of bamboo', 'bamboo', 'destroyable', 1760, 1160, 6, '', 0),
	(536, 'bamboo 482 in the forest of bamboo', 'the forest of bamboo', 'bamboo', 'destroyable', 80, 1640, 6, '', 0),
	(537, 'bamboo 483 in the forest of bamboo', 'the forest of bamboo', 'bamboo', 'destroyable', 1360, 360, 6, '', 0),
	(538, 'bamboo 484 in the forest of bamboo', 'the forest of bamboo', 'bamboo', 'destroyable', 2120, 1320, 6, '', 0),
	(539, 'bamboo 485 in the forest of bamboo', 'the forest of bamboo', 'bamboo', 'destroyable', 480, 880, 6, '', 0),
	(540, 'bamboo 486 in the forest of bamboo', 'the forest of bamboo', 'bamboo', 'destroyable', 2680, 1920, 6, '', 0),
	(541, 'bamboo 487 in the forest of bamboo', 'the forest of bamboo', 'bamboo', 'destroyable', 1160, 520, 6, '', 0),
	(542, 'bamboo 488 in the forest of bamboo', 'the forest of bamboo', 'bamboo', 'destroyable', 2240, 520, 6, '', 0),
	(543, 'bamboo 489 in the forest of bamboo', 'the forest of bamboo', 'bamboo', 'destroyable', 1800, 1840, 6, '', 0),
	(544, 'bamboo 490 in the forest of bamboo', 'the forest of bamboo', 'bamboo', 'destroyable', 3480, 400, 6, '', 0),
	(545, 'bamboo 491 in the forest of bamboo', 'the forest of bamboo', 'bamboo', 'destroyable', 480, 640, 6, '', 0),
	(546, 'bamboo 492 in the forest of bamboo', 'the forest of bamboo', 'bamboo', 'destroyable', 1000, 160, 6, '', 0),
	(547, 'bamboo 493 in the forest of bamboo', 'the forest of bamboo', 'bamboo', 'destroyable', 40, 320, 6, '', 0),
	(548, 'bamboo 494 in the forest of bamboo', 'the forest of bamboo', 'bamboo', 'destroyable', 3920, 1480, 6, '', 0),
	(549, 'bamboo 495 in the forest of bamboo', 'the forest of bamboo', 'bamboo', 'destroyable', 1760, 1920, 6, '', 0),
	(550, 'bamboo 496 in the forest of bamboo', 'the forest of bamboo', 'bamboo', 'destroyable', 3480, 1560, 6, '', 0),
	(551, 'bamboo 497 in the forest of bamboo', 'the forest of bamboo', 'bamboo', 'destroyable', 2680, 520, 6, '', 0),
	(552, 'bamboo 498 in the forest of bamboo', 'the forest of bamboo', 'bamboo', 'destroyable', 3920, 120, 6, '', 0),
	(553, 'bamboo 499 in the forest of bamboo', 'the forest of bamboo', 'bamboo', 'destroyable', 1640, 1000, 6, '', 0),
	(554, 'bamboo 500 in the forest of bamboo', 'the forest of bamboo', 'bamboo', 'destroyable', 3000, 1000, 6, '', 0),
	(555, 'bamboo 501 in the forest of bamboo', 'the forest of bamboo', 'bamboo', 'destroyable', 2560, 1880, 6, '', 0),
	(556, 'bamboo 502 in the forest of bamboo', 'the forest of bamboo', 'bamboo', 'destroyable', 3000, 880, 6, '', 0),
	(557, 'bamboo 503 in the forest of bamboo', 'the forest of bamboo', 'bamboo', 'destroyable', 2720, 1120, 6, '', 0),
	(558, 'bamboo 504 in the forest of bamboo', 'the forest of bamboo', 'bamboo', 'destroyable', 3080, 240, 6, '', 0),
	(559, 'bamboo 505 in the forest of bamboo', 'the forest of bamboo', 'bamboo', 'destroyable', 2080, 1440, 6, '', 0),
	(560, 'bamboo 506 in the forest of bamboo', 'the forest of bamboo', 'bamboo', 'destroyable', 3920, 1120, 6, '', 0),
	(561, 'bamboo 507 in the forest of bamboo', 'the forest of bamboo', 'bamboo', 'destroyable', 3200, 1440, 6, '', 0),
	(562, 'bamboo 508 in the forest of bamboo', 'the forest of bamboo', 'bamboo', 'destroyable', 1280, 160, 6, '', 0),
	(563, 'bamboo 509 in the forest of bamboo', 'the forest of bamboo', 'bamboo', 'destroyable', 1120, 360, 6, '', 0),
	(564, 'bamboo 510 in the forest of bamboo', 'the forest of bamboo', 'bamboo', 'destroyable', 1480, 240, 6, '', 0),
	(565, 'bamboo 511 in the forest of bamboo', 'the forest of bamboo', 'bamboo', 'destroyable', 1320, 1520, 6, '', 0),
	(566, 'bamboo 512 in the forest of bamboo', 'the forest of bamboo', 'bamboo', 'destroyable', 2840, 1360, 6, '', 0),
	(567, 'bamboo 513 in the forest of bamboo', 'the forest of bamboo', 'bamboo', 'destroyable', 2600, 160, 6, '', 0),
	(568, 'bamboo 514 in the forest of bamboo', 'the forest of bamboo', 'bamboo', 'destroyable', 120, 1760, 6, '', 0),
	(569, 'bamboo 515 in the forest of bamboo', 'the forest of bamboo', 'bamboo', 'destroyable', 3160, 840, 6, '', 0),
	(570, 'bamboo 516 in the forest of bamboo', 'the forest of bamboo', 'bamboo', 'destroyable', 2440, 1920, 6, '', 0),
	(571, 'bamboo 517 in the forest of bamboo', 'the forest of bamboo', 'bamboo', 'destroyable', 360, 560, 6, '', 0),
	(572, 'bamboo 518 in the forest of bamboo', 'the forest of bamboo', 'bamboo', 'destroyable', 2360, 800, 6, '', 0),
	(573, 'bamboo 519 in the forest of bamboo', 'the forest of bamboo', 'bamboo', 'destroyable', 2280, 960, 6, '', 0),
	(574, 'bamboo 520 in the forest of bamboo', 'the forest of bamboo', 'bamboo', 'destroyable', 80, 200, 6, '', 0),
	(575, 'bamboo 521 in the forest of bamboo', 'the forest of bamboo', 'bamboo', 'destroyable', 360, 1600, 6, '', 0),
	(576, 'bamboo 522 in the forest of bamboo', 'the forest of bamboo', 'bamboo', 'destroyable', 960, 1400, 6, '', 0),
	(577, 'bamboo 523 in the forest of bamboo', 'the forest of bamboo', 'bamboo', 'destroyable', 3440, 1280, 6, '', 0),
	(578, 'bamboo 524 in the forest of bamboo', 'the forest of bamboo', 'bamboo', 'destroyable', 1800, 120, 6, '', 0),
	(579, 'bamboo 525 in the forest of bamboo', 'the forest of bamboo', 'bamboo', 'destroyable', 2000, 400, 6, '', 0),
	(580, 'bamboo 526 in the forest of bamboo', 'the forest of bamboo', 'bamboo', 'destroyable', 2480, 880, 6, '', 0),
	(581, 'bamboo 527 in the forest of bamboo', 'the forest of bamboo', 'bamboo', 'destroyable', 200, 1120, 6, '', 0),
	(582, 'bamboo 528 in the forest of bamboo', 'the forest of bamboo', 'bamboo', 'destroyable', 2120, 800, 6, '', 0),
	(583, 'bamboo 529 in the forest of bamboo', 'the forest of bamboo', 'bamboo', 'destroyable', 3200, 1120, 6, '', 0),
	(584, 'bamboo 530 in the forest of bamboo', 'the forest of bamboo', 'bamboo', 'destroyable', 2160, 1800, 6, '', 0),
	(585, 'bamboo 531 in the forest of bamboo', 'the forest of bamboo', 'bamboo', 'destroyable', 3400, 1680, 6, '', 0),
	(586, 'bamboo 532 in the forest of bamboo', 'the forest of bamboo', 'bamboo', 'destroyable', 3760, 240, 6, '', 0),
	(587, 'bamboo 533 in the forest of bamboo', 'the forest of bamboo', 'bamboo', 'destroyable', 2480, 1600, 6, '', 0),
	(588, 'bamboo 534 in the forest of bamboo', 'the forest of bamboo', 'bamboo', 'destroyable', 3720, 1360, 6, '', 0),
	(589, 'bamboo 535 in the forest of bamboo', 'the forest of bamboo', 'bamboo', 'destroyable', 3760, 1920, 6, '', 0),
	(590, 'bamboo 536 in the forest of bamboo', 'the forest of bamboo', 'bamboo', 'destroyable', 2880, 80, 6, '', 0),
	(591, 'bamboo 537 in the forest of bamboo', 'the forest of bamboo', 'bamboo', 'destroyable', 3640, 720, 6, '', 0),
	(592, 'bamboo 538 in the forest of bamboo', 'the forest of bamboo', 'bamboo', 'destroyable', 2040, 760, 6, '', 0),
	(593, 'bamboo 539 in the forest of bamboo', 'the forest of bamboo', 'bamboo', 'destroyable', 1560, 1320, 6, '', 0),
	(594, 'bamboo 540 in the forest of bamboo', 'the forest of bamboo', 'bamboo', 'destroyable', 3880, 1320, 6, '', 0),
	(595, 'bamboo 541 in the forest of bamboo', 'the forest of bamboo', 'bamboo', 'destroyable', 2840, 560, 6, '', 0),
	(596, 'bamboo 542 in the forest of bamboo', 'the forest of bamboo', 'bamboo', 'destroyable', 400, 1440, 6, '', 0),
	(597, 'bamboo 543 in the forest of bamboo', 'the forest of bamboo', 'bamboo', 'destroyable', 80, 1400, 6, '', 0),
	(598, 'bamboo 544 in the forest of bamboo', 'the forest of bamboo', 'bamboo', 'destroyable', 2400, 560, 6, '', 0),
	(599, 'bamboo 545 in the forest of bamboo', 'the forest of bamboo', 'bamboo', 'destroyable', 1320, 1400, 6, '', 0),
	(600, 'bamboo 546 in the forest of bamboo', 'the forest of bamboo', 'bamboo', 'destroyable', 3240, 1440, 6, '', 0),
	(601, 'bamboo 547 in the forest of bamboo', 'the forest of bamboo', 'bamboo', 'destroyable', 3760, 1480, 6, '', 0),
	(602, 'bamboo 548 in the forest of bamboo', 'the forest of bamboo', 'bamboo', 'destroyable', 1800, 1520, 6, '', 0),
	(603, 'bamboo 549 in the forest of bamboo', 'the forest of bamboo', 'bamboo', 'destroyable', 1120, 1280, 6, '', 0),
	(604, 'bamboo 550 in the forest of bamboo', 'the forest of bamboo', 'bamboo', 'destroyable', 2080, 440, 6, '', 0),
	(605, 'bamboo 551 in the forest of bamboo', 'the forest of bamboo', 'bamboo', 'destroyable', 2320, 1560, 6, '', 0),
	(606, 'bamboo 552 in the forest of bamboo', 'the forest of bamboo', 'bamboo', 'destroyable', 200, 1800, 6, '', 0),
	(607, 'bamboo 553 in the forest of bamboo', 'the forest of bamboo', 'bamboo', 'destroyable', 3880, 240, 6, '', 0),
	(608, 'bamboo 554 in the forest of bamboo', 'the forest of bamboo', 'bamboo', 'destroyable', 2920, 400, 6, '', 0),
	(609, 'bamboo 555 in the forest of bamboo', 'the forest of bamboo', 'bamboo', 'destroyable', 2280, 80, 6, '', 0),
	(610, 'bamboo 556 in the forest of bamboo', 'the forest of bamboo', 'bamboo', 'destroyable', 880, 1800, 6, '', 0),
	(611, 'bamboo 557 in the forest of bamboo', 'the forest of bamboo', 'bamboo', 'destroyable', 3800, 80, 6, '', 0),
	(612, 'bamboo 558 in the forest of bamboo', 'the forest of bamboo', 'bamboo', 'destroyable', 3200, 40, 6, '', 0),
	(613, 'bamboo 559 in the forest of bamboo', 'the forest of bamboo', 'bamboo', 'destroyable', 80, 40, 6, '', 0),
	(614, 'bamboo 560 in the forest of bamboo', 'the forest of bamboo', 'bamboo', 'destroyable', 1160, 1600, 6, '', 0),
	(615, 'bamboo 561 in the forest of bamboo', 'the forest of bamboo', 'bamboo', 'destroyable', 3560, 40, 6, '', 0),
	(616, 'bamboo 562 in the forest of bamboo', 'the forest of bamboo', 'bamboo', 'destroyable', 1440, 1680, 6, '', 0),
	(617, 'bamboo 563 in the forest of bamboo', 'the forest of bamboo', 'bamboo', 'destroyable', 400, 1760, 6, '', 0),
	(618, 'bamboo 564 in the forest of bamboo', 'the forest of bamboo', 'bamboo', 'destroyable', 1320, 1240, 6, '', 0),
	(619, 'bamboo 565 in the forest of bamboo', 'the forest of bamboo', 'bamboo', 'destroyable', 320, 640, 6, '', 0),
	(620, 'bamboo 566 in the forest of bamboo', 'the forest of bamboo', 'bamboo', 'destroyable', 1440, 1360, 6, '', 0),
	(621, 'bamboo 567 in the forest of bamboo', 'the forest of bamboo', 'bamboo', 'destroyable', 2280, 1680, 6, '', 0),
	(622, 'bamboo 568 in the forest of bamboo', 'the forest of bamboo', 'bamboo', 'destroyable', 1400, 920, 6, '', 0),
	(623, 'bamboo 569 in the forest of bamboo', 'the forest of bamboo', 'bamboo', 'destroyable', 1160, 1360, 6, '', 0),
	(624, 'bamboo 570 in the forest of bamboo', 'the forest of bamboo', 'bamboo', 'destroyable', 80, 480, 6, '', 0),
	(625, 'bamboo 571 in the forest of bamboo', 'the forest of bamboo', 'bamboo', 'destroyable', 2680, 280, 6, '', 0),
	(626, 'bamboo 572 in the forest of bamboo', 'the forest of bamboo', 'bamboo', 'destroyable', 3680, 1800, 6, '', 0),
	(627, 'bamboo 573 in the forest of bamboo', 'the forest of bamboo', 'bamboo', 'destroyable', 200, 960, 6, '', 0),
	(628, 'bamboo 574 in the forest of bamboo', 'the forest of bamboo', 'bamboo', 'destroyable', 1720, 1560, 6, '', 0),
	(629, 'bamboo 575 in the forest of bamboo', 'the forest of bamboo', 'bamboo', 'destroyable', 800, 1640, 6, '', 0),
	(630, 'bamboo 576 in the forest of bamboo', 'the forest of bamboo', 'bamboo', 'destroyable', 3640, 200, 6, '', 0),
	(631, 'bamboo 577 in the forest of bamboo', 'the forest of bamboo', 'bamboo', 'destroyable', 960, 880, 6, '', 0),
	(632, 'bamboo 578 in the forest of bamboo', 'the forest of bamboo', 'bamboo', 'destroyable', 1720, 1800, 6, '', 0),
	(633, 'bamboo 579 in the forest of bamboo', 'the forest of bamboo', 'bamboo', 'destroyable', 1200, 840, 6, '', 0),
	(634, 'bamboo 580 in the forest of bamboo', 'the forest of bamboo', 'bamboo', 'destroyable', 2920, 1680, 6, '', 0),
	(635, 'bamboo 581 in the forest of bamboo', 'the forest of bamboo', 'bamboo', 'destroyable', 2520, 1040, 6, '', 0),
	(636, 'bamboo 582 in the forest of bamboo', 'the forest of bamboo', 'bamboo', 'destroyable', 520, 1280, 6, '', 0),
	(637, 'bamboo 583 in the forest of bamboo', 'the forest of bamboo', 'bamboo', 'destroyable', 1280, 520, 6, '', 0),
	(638, 'bamboo 584 in the forest of bamboo', 'the forest of bamboo', 'bamboo', 'destroyable', 240, 400, 6, '', 0),
	(639, 'bamboo 585 in the forest of bamboo', 'the forest of bamboo', 'bamboo', 'destroyable', 560, 840, 6, '', 0),
	(640, 'bamboo 586 in the forest of bamboo', 'the forest of bamboo', 'bamboo', 'destroyable', 160, 640, 6, '', 0),
	(641, 'bamboo 587 in the forest of bamboo', 'the forest of bamboo', 'bamboo', 'destroyable', 600, 1440, 6, '', 0),
	(642, 'bamboo 588 in the forest of bamboo', 'the forest of bamboo', 'bamboo', 'destroyable', 3520, 40, 6, '', 0),
	(643, 'bamboo 589 in the forest of bamboo', 'the forest of bamboo', 'bamboo', 'destroyable', 320, 800, 6, '', 0),
	(644, 'bamboo 590 in the forest of bamboo', 'the forest of bamboo', 'bamboo', 'destroyable', 1720, 320, 6, '', 0),
	(645, 'bamboo 591 in the forest of bamboo', 'the forest of bamboo', 'bamboo', 'destroyable', 3080, 1760, 6, '', 0),
	(646, 'bamboo 592 in the forest of bamboo', 'the forest of bamboo', 'bamboo', 'destroyable', 1120, 1880, 6, '', 0),
	(647, 'bamboo 593 in the forest of bamboo', 'the forest of bamboo', 'bamboo', 'destroyable', 3880, 1760, 6, '', 0),
	(648, 'bamboo 594 in the forest of bamboo', 'the forest of bamboo', 'bamboo', 'destroyable', 720, 800, 6, '', 0),
	(649, 'bamboo 595 in the forest of bamboo', 'the forest of bamboo', 'bamboo', 'destroyable', 3360, 480, 6, '', 0),
	(650, 'bamboo 596 in the forest of bamboo', 'the forest of bamboo', 'bamboo', 'destroyable', 2600, 480, 6, '', 0),
	(651, 'bamboo 597 in the forest of bamboo', 'the forest of bamboo', 'bamboo', 'destroyable', 2760, 1480, 6, '', 0),
	(652, 'bamboo 598 in the forest of bamboo', 'the forest of bamboo', 'bamboo', 'destroyable', 3680, 840, 6, '', 0),
	(653, 'bamboo 599 in the forest of bamboo', 'the forest of bamboo', 'bamboo', 'destroyable', 200, 720, 6, '', 0),
	(654, 'bamboo 600 in the forest of bamboo', 'the forest of bamboo', 'bamboo', 'destroyable', 2400, 1000, 6, '', 0),
	(655, 'bamboo 601 in the forest of bamboo', 'the forest of bamboo', 'bamboo', 'destroyable', 200, 80, 6, '', 0),
	(656, 'bamboo 602 in the forest of bamboo', 'the forest of bamboo', 'bamboo', 'destroyable', 3080, 720, 6, '', 0),
	(657, 'bamboo 603 in the forest of bamboo', 'the forest of bamboo', 'bamboo', 'destroyable', 880, 1680, 6, '', 0),
	(658, 'bamboo 604 in the forest of bamboo', 'the forest of bamboo', 'bamboo', 'destroyable', 3920, 240, 6, '', 0),
	(659, 'bamboo 605 in the forest of bamboo', 'the forest of bamboo', 'bamboo', 'destroyable', 3880, 1360, 6, '', 0),
	(660, 'bamboo 606 in the forest of bamboo', 'the forest of bamboo', 'bamboo', 'destroyable', 1760, 680, 6, '', 0),
	(661, 'bamboo 607 in the forest of bamboo', 'the forest of bamboo', 'bamboo', 'destroyable', 1800, 840, 6, '', 0),
	(662, 'bamboo 608 in the forest of bamboo', 'the forest of bamboo', 'bamboo', 'destroyable', 2200, 1560, 6, '', 0),
	(663, 'bamboo 609 in the forest of bamboo', 'the forest of bamboo', 'bamboo', 'destroyable', 1760, 920, 6, '', 0),
	(664, 'bamboo 610 in the forest of bamboo', 'the forest of bamboo', 'bamboo', 'destroyable', 1080, 1040, 6, '', 0),
	(665, 'bamboo 611 in the forest of bamboo', 'the forest of bamboo', 'bamboo', 'destroyable', 280, 280, 6, '', 0),
	(666, 'bamboo 612 in the forest of bamboo', 'the forest of bamboo', 'bamboo', 'destroyable', 400, 1720, 6, '', 0),
	(667, 'bamboo 613 in the forest of bamboo', 'the forest of bamboo', 'bamboo', 'destroyable', 3640, 1680, 6, '', 0),
	(668, 'bamboo 614 in the forest of bamboo', 'the forest of bamboo', 'bamboo', 'destroyable', 3720, 1720, 6, '', 0),
	(669, 'bamboo 615 in the forest of bamboo', 'the forest of bamboo', 'bamboo', 'destroyable', 640, 1600, 6, '', 0),
	(670, 'bamboo 616 in the forest of bamboo', 'the forest of bamboo', 'bamboo', 'destroyable', 2120, 440, 6, '', 0),
	(671, 'bamboo 617 in the forest of bamboo', 'the forest of bamboo', 'bamboo', 'destroyable', 1080, 640, 6, '', 0),
	(672, 'bamboo 618 in the forest of bamboo', 'the forest of bamboo', 'bamboo', 'destroyable', 520, 1400, 6, '', 0),
	(673, 'bamboo 619 in the forest of bamboo', 'the forest of bamboo', 'bamboo', 'destroyable', 80, 680, 6, '', 0),
	(674, 'bamboo 620 in the forest of bamboo', 'the forest of bamboo', 'bamboo', 'destroyable', 2160, 720, 6, '', 0),
	(675, 'bamboo 621 in the forest of bamboo', 'the forest of bamboo', 'bamboo', 'destroyable', 80, 1680, 6, '', 0),
	(676, 'bamboo 622 in the forest of bamboo', 'the forest of bamboo', 'bamboo', 'destroyable', 320, 440, 6, '', 0),
	(677, 'bamboo 623 in the forest of bamboo', 'the forest of bamboo', 'bamboo', 'destroyable', 1680, 160, 6, '', 0),
	(678, 'bamboo 624 in the forest of bamboo', 'the forest of bamboo', 'bamboo', 'destroyable', 1600, 640, 6, '', 0),
	(679, 'bamboo 625 in the forest of bamboo', 'the forest of bamboo', 'bamboo', 'destroyable', 2280, 1240, 6, '', 0),
	(680, 'bamboo 626 in the forest of bamboo', 'the forest of bamboo', 'bamboo', 'destroyable', 3720, 840, 6, '', 0),
	(681, 'bamboo 627 in the forest of bamboo', 'the forest of bamboo', 'bamboo', 'destroyable', 3040, 880, 6, '', 0),
	(682, 'bamboo 628 in the forest of bamboo', 'the forest of bamboo', 'bamboo', 'destroyable', 3640, 560, 6, '', 0),
	(683, 'bamboo 629 in the forest of bamboo', 'the forest of bamboo', 'bamboo', 'destroyable', 2920, 1040, 6, '', 0),
	(684, 'bamboo 630 in the forest of bamboo', 'the forest of bamboo', 'bamboo', 'destroyable', 3240, 600, 6, '', 0),
	(685, 'bamboo 631 in the forest of bamboo', 'the forest of bamboo', 'bamboo', 'destroyable', 1880, 80, 6, '', 0),
	(686, 'bamboo 632 in the forest of bamboo', 'the forest of bamboo', 'bamboo', 'destroyable', 280, 1640, 6, '', 0),
	(687, 'bamboo 633 in the forest of bamboo', 'the forest of bamboo', 'bamboo', 'destroyable', 2840, 1080, 6, '', 0),
	(688, 'bamboo 634 in the forest of bamboo', 'the forest of bamboo', 'bamboo', 'destroyable', 3360, 1080, 6, '', 0),
	(689, 'bamboo 635 in the forest of bamboo', 'the forest of bamboo', 'bamboo', 'destroyable', 280, 40, 6, '', 0),
	(690, 'bamboo 636 in the forest of bamboo', 'the forest of bamboo', 'bamboo', 'destroyable', 3440, 1440, 6, '', 0),
	(691, 'bamboo 637 in the forest of bamboo', 'the forest of bamboo', 'bamboo', 'destroyable', 2600, 640, 6, '', 0),
	(692, 'bamboo 638 in the forest of bamboo', 'the forest of bamboo', 'bamboo', 'destroyable', 3680, 80, 6, '', 0),
	(693, 'bamboo 639 in the forest of bamboo', 'the forest of bamboo', 'bamboo', 'destroyable', 3600, 1400, 6, '', 0),
	(694, 'bamboo 640 in the forest of bamboo', 'the forest of bamboo', 'bamboo', 'destroyable', 1600, 280, 6, '', 0),
	(695, 'bamboo 641 in the forest of bamboo', 'the forest of bamboo', 'bamboo', 'destroyable', 920, 880, 6, '', 0),
	(696, 'bamboo 642 in the forest of bamboo', 'the forest of bamboo', 'bamboo', 'destroyable', 800, 680, 6, '', 0),
	(697, 'bamboo 643 in the forest of bamboo', 'the forest of bamboo', 'bamboo', 'destroyable', 2600, 1760, 6, '', 0),
	(698, 'bamboo 644 in the forest of bamboo', 'the forest of bamboo', 'bamboo', 'destroyable', 80, 240, 6, '', 0),
	(699, 'bamboo 645 in the forest of bamboo', 'the forest of bamboo', 'bamboo', 'destroyable', 200, 1920, 6, '', 0),
	(700, 'bamboo 646 in the forest of bamboo', 'the forest of bamboo', 'bamboo', 'destroyable', 3480, 1520, 6, '', 0),
	(701, 'bamboo 647 in the forest of bamboo', 'the forest of bamboo', 'bamboo', 'destroyable', 320, 760, 6, '', 0),
	(702, 'bamboo 648 in the forest of bamboo', 'the forest of bamboo', 'bamboo', 'destroyable', 2480, 680, 6, '', 0),
	(703, 'bamboo 649 in the forest of bamboo', 'the forest of bamboo', 'bamboo', 'destroyable', 600, 840, 6, '', 0),
	(704, 'bamboo 650 in the forest of bamboo', 'the forest of bamboo', 'bamboo', 'destroyable', 1880, 680, 6, '', 0),
	(705, 'bamboo 651 in the forest of bamboo', 'the forest of bamboo', 'bamboo', 'destroyable', 2960, 1920, 6, '', 0),
	(706, 'bamboo 652 in the forest of bamboo', 'the forest of bamboo', 'bamboo', 'destroyable', 3160, 960, 6, '', 0),
	(707, 'bamboo 653 in the forest of bamboo', 'the forest of bamboo', 'bamboo', 'destroyable', 3000, 600, 6, '', 0),
	(708, 'bamboo 654 in the forest of bamboo', 'the forest of bamboo', 'bamboo', 'destroyable', 1920, 1240, 6, '', 0),
	(709, 'bamboo 655 in the forest of bamboo', 'the forest of bamboo', 'bamboo', 'destroyable', 320, 1480, 6, '', 0),
	(710, 'bamboo 656 in the forest of bamboo', 'the forest of bamboo', 'bamboo', 'destroyable', 1560, 1800, 6, '', 0),
	(711, 'bamboo 657 in the forest of bamboo', 'the forest of bamboo', 'bamboo', 'destroyable', 1120, 400, 6, '', 0),
	(712, 'bamboo 658 in the forest of bamboo', 'the forest of bamboo', 'bamboo', 'destroyable', 1000, 1280, 6, '', 0),
	(713, 'bamboo 659 in the forest of bamboo', 'the forest of bamboo', 'bamboo', 'destroyable', 40, 1520, 6, '', 0),
	(714, 'bamboo 660 in the forest of bamboo', 'the forest of bamboo', 'bamboo', 'destroyable', 2240, 560, 6, '', 0),
	(715, 'bamboo 661 in the forest of bamboo', 'the forest of bamboo', 'bamboo', 'destroyable', 3200, 160, 6, '', 0),
	(716, 'bamboo 662 in the forest of bamboo', 'the forest of bamboo', 'bamboo', 'destroyable', 880, 720, 6, '', 0),
	(717, 'bamboo 663 in the forest of bamboo', 'the forest of bamboo', 'bamboo', 'destroyable', 2640, 40, 6, '', 0),
	(718, 'bamboo 664 in the forest of bamboo', 'the forest of bamboo', 'bamboo', 'destroyable', 80, 440, 6, '', 0),
	(719, 'bamboo 665 in the forest of bamboo', 'the forest of bamboo', 'bamboo', 'destroyable', 3240, 1920, 6, '', 0),
	(720, 'bamboo 666 in the forest of bamboo', 'the forest of bamboo', 'bamboo', 'destroyable', 1960, 520, 6, '', 0),
	(721, 'bamboo 667 in the forest of bamboo', 'the forest of bamboo', 'bamboo', 'destroyable', 840, 40, 6, '', 0),
	(722, 'bamboo 668 in the forest of bamboo', 'the forest of bamboo', 'bamboo', 'destroyable', 3520, 920, 6, '', 0),
	(723, 'bamboo 669 in the forest of bamboo', 'the forest of bamboo', 'bamboo', 'destroyable', 3760, 1080, 6, '', 0),
	(724, 'bamboo 670 in the forest of bamboo', 'the forest of bamboo', 'bamboo', 'destroyable', 880, 320, 6, '', 0),
	(725, 'bamboo 671 in the forest of bamboo', 'the forest of bamboo', 'bamboo', 'destroyable', 2040, 1880, 6, '', 0),
	(726, 'bamboo 672 in the forest of bamboo', 'the forest of bamboo', 'bamboo', 'destroyable', 3920, 80, 6, '', 0),
	(727, 'bamboo 673 in the forest of bamboo', 'the forest of bamboo', 'bamboo', 'destroyable', 2680, 1240, 6, '', 0),
	(728, 'bamboo 674 in the forest of bamboo', 'the forest of bamboo', 'bamboo', 'destroyable', 1000, 1320, 6, '', 0),
	(729, 'bamboo 675 in the forest of bamboo', 'the forest of bamboo', 'bamboo', 'destroyable', 1080, 1760, 6, '', 0),
	(730, 'bamboo 676 in the forest of bamboo', 'the forest of bamboo', 'bamboo', 'destroyable', 440, 240, 6, '', 0),
	(731, 'bamboo 677 in the forest of bamboo', 'the forest of bamboo', 'bamboo', 'destroyable', 2840, 1720, 6, '', 0),
	(732, 'bamboo 678 in the forest of bamboo', 'the forest of bamboo', 'bamboo', 'destroyable', 3800, 600, 6, '', 0),
	(733, 'bamboo 679 in the forest of bamboo', 'the forest of bamboo', 'bamboo', 'destroyable', 960, 40, 6, '', 0),
	(734, 'bamboo 680 in the forest of bamboo', 'the forest of bamboo', 'bamboo', 'destroyable', 1640, 1200, 6, '', 0),
	(735, 'bamboo 681 in the forest of bamboo', 'the forest of bamboo', 'bamboo', 'destroyable', 1520, 80, 6, '', 0),
	(736, 'bamboo 682 in the forest of bamboo', 'the forest of bamboo', 'bamboo', 'destroyable', 1640, 800, 6, '', 0),
	(737, 'bamboo 683 in the forest of bamboo', 'the forest of bamboo', 'bamboo', 'destroyable', 3480, 1160, 6, '', 0),
	(738, 'bamboo 684 in the forest of bamboo', 'the forest of bamboo', 'bamboo', 'destroyable', 2120, 1680, 6, '', 0),
	(739, 'bamboo 685 in the forest of bamboo', 'the forest of bamboo', 'bamboo', 'destroyable', 720, 160, 6, '', 0),
	(740, 'bamboo 686 in the forest of bamboo', 'the forest of bamboo', 'bamboo', 'destroyable', 1080, 1160, 6, '', 0),
	(741, 'bamboo 687 in the forest of bamboo', 'the forest of bamboo', 'bamboo', 'destroyable', 600, 1080, 6, '', 0),
	(742, 'bamboo 688 in the forest of bamboo', 'the forest of bamboo', 'bamboo', 'destroyable', 200, 1240, 6, '', 0),
	(743, 'bamboo 689 in the forest of bamboo', 'the forest of bamboo', 'bamboo', 'destroyable', 3520, 680, 6, '', 0),
	(744, 'bamboo 690 in the forest of bamboo', 'the forest of bamboo', 'bamboo', 'destroyable', 2320, 200, 6, '', 0),
	(745, 'bamboo 691 in the forest of bamboo', 'the forest of bamboo', 'bamboo', 'destroyable', 1520, 1720, 6, '', 0),
	(746, 'bamboo 692 in the forest of bamboo', 'the forest of bamboo', 'bamboo', 'destroyable', 3520, 1240, 6, '', 0),
	(747, 'bamboo 693 in the forest of bamboo', 'the forest of bamboo', 'bamboo', 'destroyable', 1240, 960, 6, '', 0),
	(748, 'bamboo 694 in the forest of bamboo', 'the forest of bamboo', 'bamboo', 'destroyable', 1200, 640, 6, '', 0),
	(749, 'bamboo 695 in the forest of bamboo', 'the forest of bamboo', 'bamboo', 'destroyable', 2840, 880, 6, '', 0),
	(750, 'bamboo 696 in the forest of bamboo', 'the forest of bamboo', 'bamboo', 'destroyable', 3200, 200, 6, '', 0),
	(751, 'bamboo 697 in the forest of bamboo', 'the forest of bamboo', 'bamboo', 'destroyable', 2080, 1080, 6, '', 0),
	(752, 'bamboo 698 in the forest of bamboo', 'the forest of bamboo', 'bamboo', 'destroyable', 1480, 1120, 6, '', 0);
/*!40000 ALTER TABLE `_event` ENABLE KEYS */;

-- 테이블 movemove._field 구조 내보내기
CREATE TABLE IF NOT EXISTS `_field` (
  `number` int(10) unsigned NOT NULL,
  `name` varchar(50) NOT NULL DEFAULT 'field_default',
  `biome` varchar(50) NOT NULL DEFAULT 'glassland',
  `name_image` varchar(50) NOT NULL DEFAULT 'field4000_2000.png',
  PRIMARY KEY (`number`),
  UNIQUE KEY `name` (`name`)
) ENGINE=InnoDB DEFAULT CHARSET=utf8 ROW_FORMAT=DYNAMIC COMMENT='Codex of fieldes.';

-- 테이블 데이터 movemove._field:~7 rows (대략적) 내보내기
/*!40000 ALTER TABLE `_field` DISABLE KEYS */;
INSERT INTO `_field` (`number`, `name`, `biome`, `name_image`) VALUES
	(1, 'home inner', 'inner', 'home_inner.png'),
	(2, 'home outer', 'glassland', 'home_outer.png'),
	(3, 'home outer(good ending)', 'glassland', 'home_outer.png'),
	(4, 'home outer(bad ending)', 'glassland', 'home_outer.png'),
	(5, 'the forest of bamboo', 'forest', 'forest_of_bamboo.png'),
	(6, 'the forest of bamboo(intro)', 'glassland', 'forest_of_bamboo.png'),
	(7, 'outer cosmos', 'cosmos', 'outer_cosmos.png');
/*!40000 ALTER TABLE `_field` ENABLE KEYS */;

/*!40101 SET SQL_MODE=IFNULL(@OLD_SQL_MODE, '') */;
/*!40014 SET FOREIGN_KEY_CHECKS=IF(@OLD_FOREIGN_KEY_CHECKS IS NULL, 1, @OLD_FOREIGN_KEY_CHECKS) */;
/*!40101 SET CHARACTER_SET_CLIENT=@OLD_CHARACTER_SET_CLIENT */;



